Workbook

Sheet Comparacion Meta
A1: META SIE (IMAGEN) vs META CALCULADA CON R.A. 090-2025-CE-PJ, ANEXO 3 – CORTE ENERO–AGOSTO 2026
A2: Meta = A (Civil-Civil) + B (77% del resto). Se prueban dos proyecciones de ingresos: lineal (×12/8) y sin febrero (×12/7).
A4: Juzgado | B4: Pend. Civil-Civil | C4: Ingr. Civil-Civil ene–ago | D4: Ingr. Civil-Civil feb | E4: Pend. Resto | F4: Ingr. Resto ene–ago | G4: Ingr. Resto feb | H4: Carga CC proy. (×12/8) | I4: Carga Resto proy. (×12/8) | J4: % CC | K4: A | L4: B | M4: META RA090 (×12/8) | N4: Carga CC proy. (×12/7) | O4: Carga Resto proy. (×12/7) | P4: A | Q4: B | R4: META RA090 (×12/7) | S4: META SIE (imagen) | T4: Dif. SIE – RA090 (×12/8) | U4: Dif. % | V4: Dif. SIE – RA090 (×12/7) | W4: Dif. % | X4: Carga Resto implícita en SIE (si A=350) | Y4: Ingr. Resto anual implícito | Z4: Factor implícito sobre ingr. ene–ago
A5: 1º JUZGADO CIVIL | B5: =SUMIFS('Ingresos SIJ'!$D$4:$D$53,'Ingresos SIJ'!$A$4:$A$53,$A5,'Ingresos SIJ'!$C$4:$C$53,"Civil-Civil") | C5: =SUMIFS('Ingresos SIJ'!$E$4:$E$53,'Ingresos SIJ'!$A$4:$A$53,$A5,'Ingresos SIJ'!$C$4:$C$53,"Civil-Civil")+SUMIFS('Ingresos SIJ'!$F$4:$F$53,'Ingresos SIJ'!$A$4:$A$53,$A5,'Ingresos SIJ'!$C$4:$C$53,"Civil-Civil")+SUMIFS('Ingresos SIJ'!$G$4:$G$53,'Ingresos SIJ'!$A$4:$A$53,$A5,'Ingresos SIJ'!$C$4:$C$53,"Civil-Civil")+SUMIFS('Ingresos SIJ'!$H$4:$H$53,'Ingresos SIJ'!$A$4:$A$53,$A5,'Ingresos SIJ'!$C$4:$C$53,"Civil-Civil")+SUMIFS('Ingresos SIJ'!$I$4:$I$53,'Ingresos SIJ'!$A$4:$A$53,$A5,'Ingresos SIJ'!$C$4:$C$53,"Civil-Civil")+SUMIFS('Ingresos SIJ'!$J$4:$J$53,'Ingresos SIJ'!$A$4:$A$53,$A5,'Ingresos SIJ'!$C$4:$C$53,"Civil-Civil")+SUMIFS('Ingresos SIJ'!$K$4:$K$53,'Ingresos SIJ'!$A$4:$A$53,$A5,'Ingresos SIJ'!$C$4:$C$53,"Civil-Civil")+SUMIFS('Ingresos SIJ'!$L$4:$L$53,'Ingresos SIJ'!$A$4:$A$53,$A5,'Ingresos SIJ'!$C$4:$C$53,"Civil-Civil") | D5: =SUMIFS('Ingresos SIJ'!$F$4:$F$53,'Ingresos SIJ'!$A$4:$A$53,$A5,'Ingresos SIJ'!$C$4:$C$53,"Civil-Civil") | E5: =SUMIFS('Ingresos SIJ'!$D$4:$D$53,'Ingresos SIJ'!$A$4:$A$53,$A5,'Ingresos SIJ'!$C$4:$C$53,"Resto") | F5: =SUMIFS('Ingresos SIJ'!$E$4:$E$53,'Ingresos SIJ'!$A$4:$A$53,$A5,'Ingresos SIJ'!$C$4:$C$53,"Resto")+SUMIFS('Ingresos SIJ'!$F$4:$F$53,'Ingresos SIJ'!$A$4:$A$53,$A5,'Ingresos SIJ'!$C$4:$C$53,"Resto")+SUMIFS('Ingresos SIJ'!$G$4:$G$53,'Ingresos SIJ'!$A$4:$A$53,$A5,'Ingresos SIJ'!$C$4:$C$53,"Resto")+SUMIFS('Ingresos SIJ'!$H$4:$H$53,'Ingresos SIJ'!$A$4:$A$53,$A5,'Ingresos SIJ'!$C$4:$C$53,"Resto")+SUMIFS('Ingresos SIJ'!$I$4:$I$53,'Ingresos SIJ'!$A$4:$A$53,$A5,'Ingresos SIJ'!$C$4:$C$53,"Resto")+SUMIFS('Ingresos SIJ'!$J$4:$J$53,'Ingresos SIJ'!$A$4:$A$53,$A5,'Ingresos SIJ'!$C$4:$C$53,"Resto")+SUMIFS('Ingresos SIJ'!$K$4:$K$53,'Ingresos SIJ'!$A$4:$A$53,$A5,'Ingresos SIJ'!$C$4:$C$53,"Resto")+SUMIFS('Ingresos SIJ'!$L$4:$L$53,'Ingresos SIJ'!$A$4:$A$53,$A5,'Ingresos SIJ'!$C$4:$C$53,"Resto") | G5: =SUMIFS('Ingresos SIJ'!$F$4:$F$53,'Ingresos SIJ'!$A$4:$A$53,$A5,'Ingresos SIJ'!$C$4:$C$53,"Resto") | H5: =B5+C5*12/Parametros!$B$11 | I5: =E5+F5*12/Parametros!$B$11 | J5: =H5/(H5+I5) | K5: =IF(J5>=Parametros!$B$6,IF(H5<Parametros!$B$7,ROUND(Parametros!$B$5*H5,0),Parametros!$B$8),IF(H5<Parametros!$B$9,ROUND(Parametros!$B$5*H5,0),Parametros!$B$10)) | L5: =ROUND(Parametros!$B$5*I5,0) | M5: =K5+L5 | N5: =B5+C5*12/Parametros!$B$12 | O5: =E5+F5*12/Parametros!$B$12 | P5: =IF(N5/(N5+O5)>=Parametros!$B$6,IF(N5<Parametros!$B$7,ROUND(Parametros!$B$5*N5,0),Parametros!$B$8),IF(N5<Parametros!$B$9,ROUND(Parametros!$B$5*N5,0),Parametros!$B$10)) | Q5: =ROUND(Parametros!$B$5*O5,0) | R5: =P5+Q5 | S5: 547 | T5: =S5-M5 | U5: =T5/M5 | V5: =S5-R5 | W5: =V5/R5 | X5: =(S5-Parametros!$B$8)/Parametros!$B$5 | Y5: =X5-E5 | Z5: =IF(F5=0,0,Y5/F5)
A6: 2º JUZGADO CIVIL | B6: =SUMIFS('Ingresos SIJ'!$D$4:$D$53,'Ingresos SIJ'!$A$4:$A$53,$A6,'Ingresos SIJ'!$C$4:$C$53,"Civil-Civil") | C6: =SUMIFS('Ingresos SIJ'!$E$4:$E$53,'Ingresos SIJ'!$A$4:$A$53,$A6,'Ingresos SIJ'!$C$4:$C$53,"Civil-Civil")+SUMIFS('Ingresos SIJ'!$F$4:$F$53,'Ingresos SIJ'!$A$4:$A$53,$A6,'Ingresos SIJ'!$C$4:$C$53,"Civil-Civil")+SUMIFS('Ingresos SIJ'!$G$4:$G$53,'Ingresos SIJ'!$A$4:$A$53,$A6,'Ingresos SIJ'!$C$4:$C$53,"Civil-Civil")+SUMIFS('Ingresos SIJ'!$H$4:$H$53,'Ingresos SIJ'!$A$4:$A$53,$A6,'Ingresos SIJ'!$C$4:$C$53,"Civil-Civil")+SUMIFS('Ingresos SIJ'!$I$4:$I$53,'Ingresos SIJ'!$A$4:$A$53,$A6,'Ingresos SIJ'!$C$4:$C$53,"Civil-Civil")+SUMIFS('Ingresos SIJ'!$J$4:$J$53,'Ingresos SIJ'!$A$4:$A$53,$A6,'Ingresos SIJ'!$C$4:$C$53,"Civil-Civil")+SUMIFS('Ingresos SIJ'!$K$4:$K$53,'Ingresos SIJ'!$A$4:$A$53,$A6,'Ingresos SIJ'!$C$4:$C$53,"Civil-Civil")+SUMIFS('Ingresos SIJ'!$L$4:$L$53,'Ingresos SIJ'!$A$4:$A$53,$A6,'Ingresos SIJ'!$C$4:$C$53,"Civil-Civil") | D6: =SUMIFS('Ingresos SIJ'!$F$4:$F$53,'Ingresos SIJ'!$A$4:$A$53,$A6,'Ingresos SIJ'!$C$4:$C$53,"Civil-Civil") | E6: =SUMIFS('Ingresos SIJ'!$D$4:$D$53,'Ingresos SIJ'!$A$4:$A$53,$A6,'Ingresos SIJ'!$C$4:$C$53,"Resto") | F6: =SUMIFS('Ingresos SIJ'!$E$4:$E$53,'Ingresos SIJ'!$A$4:$A$53,$A6,'Ingresos SIJ'!$C$4:$C$53,"Resto")+SUMIFS('Ingresos SIJ'!$F$4:$F$53,'Ingresos SIJ'!$A$4:$A$53,$A6,'Ingresos SIJ'!$C$4:$C$53,"Resto")+SUMIFS('Ingresos SIJ'!$G$4:$G$53,'Ingresos SIJ'!$A$4:$A$53,$A6,'Ingresos SIJ'!$C$4:$C$53,"Resto")+SUMIFS('Ingresos SIJ'!$H$4:$H$53,'Ingresos SIJ'!$A$4:$A$53,$A6,'Ingresos SIJ'!$C$4:$C$53,"Resto")+SUMIFS('Ingresos SIJ'!$I$4:$I$53,'Ingresos SIJ'!$A$4:$A$53,$A6,'Ingresos SIJ'!$C$4:$C$53,"Resto")+SUMIFS('Ingresos SIJ'!$J$4:$J$53,'Ingresos SIJ'!$A$4:$A$53,$A6,'Ingresos SIJ'!$C$4:$C$53,"Resto")+SUMIFS('Ingresos SIJ'!$K$4:$K$53,'Ingresos SIJ'!$A$4:$A$53,$A6,'Ingresos SIJ'!$C$4:$C$53,"Resto")+SUMIFS('Ingresos SIJ'!$L$4:$L$53,'Ingresos SIJ'!$A$4:$A$53,$A6,'Ingresos SIJ'!$C$4:$C$53,"Resto") | G6: =SUMIFS('Ingresos SIJ'!$F$4:$F$53,'Ingresos SIJ'!$A$4:$A$53,$A6,'Ingresos SIJ'!$C$4:$C$53,"Resto") | H6: =B6+C6*12/Parametros!$B$11 | I6: =E6+F6*12/Parametros!$B$11 | J6: =H6/(H6+I6) | K6: =IF(J6>=Parametros!$B$6,IF(H6<Parametros!$B$7,ROUND(Parametros!$B$5*H6,0),Parametros!$B$8),IF(H6<Parametros!$B$9,ROUND(Parametros!$B$5*H6,0),Parametros!$B$10)) | L6: =ROUND(Parametros!$B$5*I6,0) | M6: =K6+L6 | N6: =B6+C6*12/Parametros!$B$12 | O6: =E6+F6*12/Parametros!$B$12 | P6: =IF(N6/(N6+O6)>=Parametros!$B$6,IF(N6<Parametros!$B$7,ROUND(Parametros!$B$5*N6,0),Parametros!$B$8),IF(N6<Parametros!$B$9,ROUND(Parametros!$B$5*N6,0),Parametros!$B$10)) | Q6: =ROUND(Parametros!$B$5*O6,0) | R6: =P6+Q6 | S6: 541 | T6: =S6-M6 | U6: =T6/M6 | V6: =S6-R6 | W6: =V6/R6 | X6: =(S6-Parametros!$B$8)/Parametros!$B$5 | Y6: =X6-E6 | Z6: =IF(F6=0,0,Y6/F6)
A7: 3º JUZGADO CIVIL | B7: =SUMIFS('Ingresos SIJ'!$D$4:$D$53,'Ingresos SIJ'!$A$4:$A$53,$A7,'Ingresos SIJ'!$C$4:$C$53,"Civil-Civil") | C7: =SUMIFS('Ingresos SIJ'!$E$4:$E$53,'Ingresos SIJ'!$A$4:$A$53,$A7,'Ingresos SIJ'!$C$4:$C$53,"Civil-Civil")+SUMIFS('Ingresos SIJ'!$F$4:$F$53,'Ingresos SIJ'!$A$4:$A$53,$A7,'Ingresos SIJ'!$C$4:$C$53,"Civil-Civil")+SUMIFS('Ingresos SIJ'!$G$4:$G$53,'Ingresos SIJ'!$A$4:$A$53,$A7,'Ingresos SIJ'!$C$4:$C$53,"Civil-Civil")+SUMIFS('Ingresos SIJ'!$H$4:$H$53,'Ingresos SIJ'!$A$4:$A$53,$A7,'Ingresos SIJ'!$C$4:$C$53,"Civil-Civil")+SUMIFS('Ingresos SIJ'!$I$4:$I$53,'Ingresos SIJ'!$A$4:$A$53,$A7,'Ingresos SIJ'!$C$4:$C$53,"Civil-Civil")+SUMIFS('Ingresos SIJ'!$J$4:$J$53,'Ingresos SIJ'!$A$4:$A$53,$A7,'Ingresos SIJ'!$C$4:$C$53,"Civil-Civil")+SUMIFS('Ingresos SIJ'!$K$4:$K$53,'Ingresos SIJ'!$A$4:$A$53,$A7,'Ingresos SIJ'!$C$4:$C$53,"Civil-Civil")+SUMIFS('Ingresos SIJ'!$L$4:$L$53,'Ingresos SIJ'!$A$4:$A$53,$A7,'Ingresos SIJ'!$C$4:$C$53,"Civil-Civil") | D7: =SUMIFS('Ingresos SIJ'!$F$4:$F$53,'Ingresos SIJ'!$A$4:$A$53,$A7,'Ingresos SIJ'!$C$4:$C$53,"Civil-Civil") | E7: =SUMIFS('Ingresos SIJ'!$D$4:$D$53,'Ingresos SIJ'!$A$4:$A$53,$A7,'Ingresos SIJ'!$C$4:$C$53,"Resto") | F7: =SUMIFS('Ingresos SIJ'!$E$4:$E$53,'Ingresos SIJ'!$A$4:$A$53,$A7,'Ingresos SIJ'!$C$4:$C$53,"Resto")+SUMIFS('Ingresos SIJ'!$F$4:$F$53,'Ingresos SIJ'!$A$4:$A$53,$A7,'Ingresos SIJ'!$C$4:$C$53,"Resto")+SUMIFS('Ingresos SIJ'!$G$4:$G$53,'Ingresos SIJ'!$A$4:$A$53,$A7,'Ingresos SIJ'!$C$4:$C$53,"Resto")+SUMIFS('Ingresos SIJ'!$H$4:$H$53,'Ingresos SIJ'!$A$4:$A$53,$A7,'Ingresos SIJ'!$C$4:$C$53,"Resto")+SUMIFS('Ingresos SIJ'!$I$4:$I$53,'Ingresos SIJ'!$A$4:$A$53,$A7,'Ingresos SIJ'!$C$4:$C$53,"Resto")+SUMIFS('Ingresos SIJ'!$J$4:$J$53,'Ingresos SIJ'!$A$4:$A$53,$A7,'Ingresos SIJ'!$C$4:$C$53,"Resto")+SUMIFS('Ingresos SIJ'!$K$4:$K$53,'Ingresos SIJ'!$A$4:$A$53,$A7,'Ingresos SIJ'!$C$4:$C$53,"Resto")+SUMIFS('Ingresos SIJ'!$L$4:$L$53,'Ingresos SIJ'!$A$4:$A$53,$A7,'Ingresos SIJ'!$C$4:$C$53,"Resto") | G7: =SUMIFS('Ingresos SIJ'!$F$4:$F$53,'Ingresos SIJ'!$A$4:$A$53,$A7,'Ingresos SIJ'!$C$4:$C$53,"Resto") | H7: =B7+C7*12/Parametros!$B$11 | I7: =E7+F7*12/Parametros!$B$11 | J7: =H7/(H7+I7) | K7: =IF(J7>=Parametros!$B$6,IF(H7<Parametros!$B$7,ROUND(Parametros!$B$5*H7,0),Parametros!$B$8),IF(H7<Parametros!$B$9,ROUND(Parametros!$B$5*H7,0),Parametros!$B$10)) | L7: =ROUND(Parametros!$B$5*I7,0) | M7: =K7+L7 | N7: =B7+C7*12/Parametros!$B$12 | O7: =E7+F7*12/Parametros!$B$12 | P7: =IF(N7/(N7+O7)>=Parametros!$B$6,IF(N7<Parametros!$B$7,ROUND(Parametros!$B$5*N7,0),Parametros!$B$8),IF(N7<Parametros!$B$9,ROUND(Parametros!$B$5*N7,0),Parametros!$B$10)) | Q7: =ROUND(Parametros!$B$5*O7,0) | R7: =P7+Q7 | S7: 511 | T7: =S7-M7 | U7: =T7/M7 | V7: =S7-R7 | W7: =V7/R7 | X7: =(S7-Parametros!$B$8)/Parametros!$B$5 | Y7: =X7-E7 | Z7: =IF(F7=0,0,Y7/F7)
A8: 4º JUZGADO CIVIL | B8: =SUMIFS('Ingresos SIJ'!$D$4:$D$53,'Ingresos SIJ'!$A$4:$A$53,$A8,'Ingresos SIJ'!$C$4:$C$53,"Civil-Civil") | C8: =SUMIFS('Ingresos SIJ'!$E$4:$E$53,'Ingresos SIJ'!$A$4:$A$53,$A8,'Ingresos SIJ'!$C$4:$C$53,"Civil-Civil")+SUMIFS('Ingresos SIJ'!$F$4:$F$53,'Ingresos SIJ'!$A$4:$A$53,$A8,'Ingresos SIJ'!$C$4:$C$53,"Civil-Civil")+SUMIFS('Ingresos SIJ'!$G$4:$G$53,'Ingresos SIJ'!$A$4:$A$53,$A8,'Ingresos SIJ'!$C$4:$C$53,"Civil-Civil")+SUMIFS('Ingresos SIJ'!$H$4:$H$53,'Ingresos SIJ'!$A$4:$A$53,$A8,'Ingresos SIJ'!$C$4:$C$53,"Civil-Civil")+SUMIFS('Ingresos SIJ'!$I$4:$I$53,'Ingresos SIJ'!$A$4:$A$53,$A8,'Ingresos SIJ'!$C$4:$C$53,"Civil-Civil")+SUMIFS('Ingresos SIJ'!$J$4:$J$53,'Ingresos SIJ'!$A$4:$A$53,$A8,'Ingresos SIJ'!$C$4:$C$53,"Civil-Civil")+SUMIFS('Ingresos SIJ'!$K$4:$K$53,'Ingresos SIJ'!$A$4:$A$53,$A8,'Ingresos SIJ'!$C$4:$C$53,"Civil-Civil")+SUMIFS('Ingresos SIJ'!$L$4:$L$53,'Ingresos SIJ'!$A$4:$A$53,$A8,'Ingresos SIJ'!$C$4:$C$53,"Civil-Civil") | D8: =SUMIFS('Ingresos SIJ'!$F$4:$F$53,'Ingresos SIJ'!$A$4:$A$53,$A8,'Ingresos SIJ'!$C$4:$C$53,"Civil-Civil") | E8: =SUMIFS('Ingresos SIJ'!$D$4:$D$53,'Ingresos SIJ'!$A$4:$A$53,$A8,'Ingresos SIJ'!$C$4:$C$53,"Resto") | F8: =SUMIFS('Ingresos SIJ'!$E$4:$E$53,'Ingresos SIJ'!$A$4:$A$53,$A8,'Ingresos SIJ'!$C$4:$C$53,"Resto")+SUMIFS('Ingresos SIJ'!$F$4:$F$53,'Ingresos SIJ'!$A$4:$A$53,$A8,'Ingresos SIJ'!$C$4:$C$53,"Resto")+SUMIFS('Ingresos SIJ'!$G$4:$G$53,'Ingresos SIJ'!$A$4:$A$53,$A8,'Ingresos SIJ'!$C$4:$C$53,"Resto")+SUMIFS('Ingresos SIJ'!$H$4:$H$53,'Ingresos SIJ'!$A$4:$A$53,$A8,'Ingresos SIJ'!$C$4:$C$53,"Resto")+SUMIFS('Ingresos SIJ'!$I$4:$I$53,'Ingresos SIJ'!$A$4:$A$53,$A8,'Ingresos SIJ'!$C$4:$C$53,"Resto")+SUMIFS('Ingresos SIJ'!$J$4:$J$53,'Ingresos SIJ'!$A$4:$A$53,$A8,'Ingresos SIJ'!$C$4:$C$53,"Resto")+SUMIFS('Ingresos SIJ'!$K$4:$K$53,'Ingresos SIJ'!$A$4:$A$53,$A8,'Ingresos SIJ'!$C$4:$C$53,"Resto")+SUMIFS('Ingresos SIJ'!$L$4:$L$53,'Ingresos SIJ'!$A$4:$A$53,$A8,'Ingresos SIJ'!$C$4:$C$53,"Resto") | G8: =SUMIFS('Ingresos SIJ'!$F$4:$F$53,'Ingresos SIJ'!$A$4:$A$53,$A8,'Ingresos SIJ'!$C$4:$C$53,"Resto") | H8: =B8+C8*12/Parametros!$B$11 | I8: =E8+F8*12/Parametros!$B$11 | J8: =H8/(H8+I8) | K8: =IF(J8>=Parametros!$B$6,IF(H8<Parametros!$B$7,ROUND(Parametros!$B$5*H8,0),Parametros!$B$8),IF(H8<Parametros!$B$9,ROUND(Parametros!$B$5*H8,0),Parametros!$B$10)) | L8: =ROUND(Parametros!$B$5*I8,0) | M8: =K8+L8 | N8: =B8+C8*12/Parametros!$B$12 | O8: =E8+F8*12/Parametros!$B$12 | P8: =IF(N8/(N8+O8)>=Parametros!$B$6,IF(N8<Parametros!$B$7,ROUND(Parametros!$B$5*N8,0),Parametros!$B$8),IF(N8<Parametros!$B$9,ROUND(Parametros!$B$5*N8,0),Parametros!$B$10)) | Q8: =ROUND(Parametros!$B$5*O8,0) | R8: =P8+Q8 | S8: 534 | T8: =S8-M8 | U8: =T8/M8 | V8: =S8-R8 | W8: =V8/R8 | X8: =(S8-Parametros!$B$8)/Parametros!$B$5 | Y8: =X8-E8 | Z8: =IF(F8=0,0,Y8/F8)
A9: 5º JUZGADO CIVIL | B9: =SUMIFS('Ingresos SIJ'!$D$4:$D$53,'Ingresos SIJ'!$A$4:$A$53,$A9,'Ingresos SIJ'!$C$4:$C$53,"Civil-Civil") | C9: =SUMIFS('Ingresos SIJ'!$E$4:$E$53,'Ingresos SIJ'!$A$4:$A$53,$A9,'Ingresos SIJ'!$C$4:$C$53,"Civil-Civil")+SUMIFS('Ingresos SIJ'!$F$4:$F$53,'Ingresos SIJ'!$A$4:$A$53,$A9,'Ingresos SIJ'!$C$4:$C$53,"Civil-Civil")+SUMIFS('Ingresos SIJ'!$G$4:$G$53,'Ingresos SIJ'!$A$4:$A$53,$A9,'Ingresos SIJ'!$C$4:$C$53,"Civil-Civil")+SUMIFS('Ingresos SIJ'!$H$4:$H$53,'Ingresos SIJ'!$A$4:$A$53,$A9,'Ingresos SIJ'!$C$4:$C$53,"Civil-Civil")+SUMIFS('Ingresos SIJ'!$I$4:$I$53,'Ingresos SIJ'!$A$4:$A$53,$A9,'Ingresos SIJ'!$C$4:$C$53,"Civil-Civil")+SUMIFS('Ingresos SIJ'!$J$4:$J$53,'Ingresos SIJ'!$A$4:$A$53,$A9,'Ingresos SIJ'!$C$4:$C$53,"Civil-Civil")+SUMIFS('Ingresos SIJ'!$K$4:$K$53,'Ingresos SIJ'!$A$4:$A$53,$A9,'Ingresos SIJ'!$C$4:$C$53,"Civil-Civil")+SUMIFS('Ingresos SIJ'!$L$4:$L$53,'Ingresos SIJ'!$A$4:$A$53,$A9,'Ingresos SIJ'!$C$4:$C$53,"Civil-Civil") | D9: =SUMIFS('Ingresos SIJ'!$F$4:$F$53,'Ingresos SIJ'!$A$4:$A$53,$A9,'Ingresos SIJ'!$C$4:$C$53,"Civil-Civil") | E9: =SUMIFS('Ingresos SIJ'!$D$4:$D$53,'Ingresos SIJ'!$A$4:$A$53,$A9,'Ingresos SIJ'!$C$4:$C$53,"Resto") | F9: =SUMIFS('Ingresos SIJ'!$E$4:$E$53,'Ingresos SIJ'!$A$4:$A$53,$A9,'Ingresos SIJ'!$C$4:$C$53,"Resto")+SUMIFS('Ingresos SIJ'!$F$4:$F$53,'Ingresos SIJ'!$A$4:$A$53,$A9,'Ingresos SIJ'!$C$4:$C$53,"Resto")+SUMIFS('Ingresos SIJ'!$G$4:$G$53,'Ingresos SIJ'!$A$4:$A$53,$A9,'Ingresos SIJ'!$C$4:$C$53,"Resto")+SUMIFS('Ingresos SIJ'!$H$4:$H$53,'Ingresos SIJ'!$A$4:$A$53,$A9,'Ingresos SIJ'!$C$4:$C$53,"Resto")+SUMIFS('Ingresos SIJ'!$I$4:$I$53,'Ingresos SIJ'!$A$4:$A$53,$A9,'Ingresos SIJ'!$C$4:$C$53,"Resto")+SUMIFS('Ingresos SIJ'!$J$4:$J$53,'Ingresos SIJ'!$A$4:$A$53,$A9,'Ingresos SIJ'!$C$4:$C$53,"Resto")+SUMIFS('Ingresos SIJ'!$K$4:$K$53,'Ingresos SIJ'!$A$4:$A$53,$A9,'Ingresos SIJ'!$C$4:$C$53,"Resto")+SUMIFS('Ingresos SIJ'!$L$4:$L$53,'Ingresos SIJ'!$A$4:$A$53,$A9,'Ingresos SIJ'!$C$4:$C$53,"Resto") | G9: =SUMIFS('Ingresos SIJ'!$F$4:$F$53,'Ingresos SIJ'!$A$4:$A$53,$A9,'Ingresos SIJ'!$C$4:$C$53,"Resto") | H9: =B9+C9*12/Parametros!$B$11 | I9: =E9+F9*12/Parametros!$B$11 | J9: =H9/(H9+I9) | K9: =IF(J9>=Parametros!$B$6,IF(H9<Parametros!$B$7,ROUND(Parametros!$B$5*H9,0),Parametros!$B$8),IF(H9<Parametros!$B$9,ROUND(Parametros!$B$5*H9,0),Parametros!$B$10)) | L9: =ROUND(Parametros!$B$5*I9,0) | M9: =K9+L9 | N9: =B9+C9*12/Parametros!$B$12 | O9: =E9+F9*12/Parametros!$B$12 | P9: =IF(N9/(N9+O9)>=Parametros!$B$6,IF(N9<Parametros!$B$7,ROUND(Parametros!$B$5*N9,0),Parametros!$B$8),IF(N9<Parametros!$B$9,ROUND(Parametros!$B$5*N9,0),Parametros!$B$10)) | Q9: =ROUND(Parametros!$B$5*O9,0) | R9: =P9+Q9 | S9: 536 | T9: =S9-M9 | U9: =T9/M9 | V9: =S9-R9 | W9: =V9/R9 | X9: =(S9-Parametros!$B$8)/Parametros!$B$5 | Y9: =X9-E9 | Z9: =IF(F9=0,0,Y9/F9)
A10: 6º JUZGADO CIVIL | B10: =SUMIFS('Ingresos SIJ'!$D$4:$D$53,'Ingresos SIJ'!$A$4:$A$53,$A10,'Ingresos SIJ'!$C$4:$C$53,"Civil-Civil") | C10: =SUMIFS('Ingresos SIJ'!$E$4:$E$53,'Ingresos SIJ'!$A$4:$A$53,$A10,'Ingresos SIJ'!$C$4:$C$53,"Civil-Civil")+SUMIFS('Ingresos SIJ'!$F$4:$F$53,'Ingresos SIJ'!$A$4:$A$53,$A10,'Ingresos SIJ'!$C$4:$C$53,"Civil-Civil")+SUMIFS('Ingresos SIJ'!$G$4:$G$53,'Ingresos SIJ'!$A$4:$A$53,$A10,'Ingresos SIJ'!$C$4:$C$53,"Civil-Civil")+SUMIFS('Ingresos SIJ'!$H$4:$H$53,'Ingresos SIJ'!$A$4:$A$53,$A10,'Ingresos SIJ'!$C$4:$C$53,"Civil-Civil")+SUMIFS('Ingresos SIJ'!$I$4:$I$53,'Ingresos SIJ'!$A$4:$A$53,$A10,'Ingresos SIJ'!$C$4:$C$53,"Civil-Civil")+SUMIFS('Ingresos SIJ'!$J$4:$J$53,'Ingresos SIJ'!$A$4:$A$53,$A10,'Ingresos SIJ'!$C$4:$C$53,"Civil-Civil")+SUMIFS('Ingresos SIJ'!$K$4:$K$53,'Ingresos SIJ'!$A$4:$A$53,$A10,'Ingresos SIJ'!$C$4:$C$53,"Civil-Civil")+SUMIFS('Ingresos SIJ'!$L$4:$L$53,'Ingresos SIJ'!$A$4:$A$53,$A10,'Ingresos SIJ'!$C$4:$C$53,"Civil-Civil") | D10: =SUMIFS('Ingresos SIJ'!$F$4:$F$53,'Ingresos SIJ'!$A$4:$A$53,$A10,'Ingresos SIJ'!$C$4:$C$53,"Civil-Civil") | E10: =SUMIFS('Ingresos SIJ'!$D$4:$D$53,'Ingresos SIJ'!$A$4:$A$53,$A10,'Ingresos SIJ'!$C$4:$C$53,"Resto") | F10: =SUMIFS('Ingresos SIJ'!$E$4:$E$53,'Ingresos SIJ'!$A$4:$A$53,$A10,'Ingresos SIJ'!$C$4:$C$53,"Resto")+SUMIFS('Ingresos SIJ'!$F$4:$F$53,'Ingresos SIJ'!$A$4:$A$53,$A10,'Ingresos SIJ'!$C$4:$C$53,"Resto")+SUMIFS('Ingresos SIJ'!$G$4:$G$53,'Ingresos SIJ'!$A$4:$A$53,$A10,'Ingresos SIJ'!$C$4:$C$53,"Resto")+SUMIFS('Ingresos SIJ'!$H$4:$H$53,'Ingresos SIJ'!$A$4:$A$53,$A10,'Ingresos SIJ'!$C$4:$C$53,"Resto")+SUMIFS('Ingresos SIJ'!$I$4:$I$53,'Ingresos SIJ'!$A$4:$A$53,$A10,'Ingresos SIJ'!$C$4:$C$53,"Resto")+SUMIFS('Ingresos SIJ'!$J$4:$J$53,'Ingresos SIJ'!$A$4:$A$53,$A10,'Ingresos SIJ'!$C$4:$C$53,"Resto")+SUMIFS('Ingresos SIJ'!$K$4:$K$53,'Ingresos SIJ'!$A$4:$A$53,$A10,'Ingresos SIJ'!$C$4:$C$53,"Resto")+SUMIFS('Ingresos SIJ'!$L$4:$L$53,'Ingresos SIJ'!$A$4:$A$53,$A10,'Ingresos SIJ'!$C$4:$C$53,"Resto") | G10: =SUMIFS('Ingresos SIJ'!$F$4:$F$53,'Ingresos SIJ'!$A$4:$A$53,$A10,'Ingresos SIJ'!$C$4:$C$53,"Resto") | H10: =B10+C10*12/Parametros!$B$11 | I10: =E10+F10*12/Parametros!$B$11 | J10: =H10/(H10+I10) | K10: =IF(J10>=Parametros!$B$6,IF(H10<Parametros!$B$7,ROUND(Parametros!$B$5*H10,0),Parametros!$B$8),IF(H10<Parametros!$B$9,ROUND(Parametros!$B$5*H10,0),Parametros!$B$10)) | L10: =ROUND(Parametros!$B$5*I10,0) | M10: =K10+L10 | N10: =B10+C10*12/Parametros!$B$12 | O10: =E10+F10*12/Parametros!$B$12 | P10: =IF(N10/(N10+O10)>=Parametros!$B$6,IF(N10<Parametros!$B$7,ROUND(Parametros!$B$5*N10,0),Parametros!$B$8),IF(N10<Parametros!$B$9,ROUND(Parametros!$B$5*N10,0),Parametros!$B$10)) | Q10: =ROUND(Parametros!$B$5*O10,0) | R10: =P10+Q10 | S10: 528 | T10: =S10-M10 | U10: =T10/M10 | V10: =S10-R10 | W10: =V10/R10 | X10: =(S10-Parametros!$B$8)/Parametros!$B$5 | Y10: =X10-E10 | Z10: =IF(F10=0,0,Y10/F10)
A11: 7º JUZGADO CIVIL | B11: =SUMIFS('Ingresos SIJ'!$D$4:$D$53,'Ingresos SIJ'!$A$4:$A$53,$A11,'Ingresos SIJ'!$C$4:$C$53,"Civil-Civil") | C11: =SUMIFS('Ingresos SIJ'!$E$4:$E$53,'Ingresos SIJ'!$A$4:$A$53,$A11,'Ingresos SIJ'!$C$4:$C$53,"Civil-Civil")+SUMIFS('Ingresos SIJ'!$F$4:$F$53,'Ingresos SIJ'!$A$4:$A$53,$A11,'Ingresos SIJ'!$C$4:$C$53,"Civil-Civil")+SUMIFS('Ingresos SIJ'!$G$4:$G$53,'Ingresos SIJ'!$A$4:$A$53,$A11,'Ingresos SIJ'!$C$4:$C$53,"Civil-Civil")+SUMIFS('Ingresos SIJ'!$H$4:$H$53,'Ingresos SIJ'!$A$4:$A$53,$A11,'Ingresos SIJ'!$C$4:$C$53,"Civil-Civil")+SUMIFS('Ingresos SIJ'!$I$4:$I$53,'Ingresos SIJ'!$A$4:$A$53,$A11,'Ingresos SIJ'!$C$4:$C$53,"Civil-Civil")+SUMIFS('Ingresos SIJ'!$J$4:$J$53,'Ingresos SIJ'!$A$4:$A$53,$A11,'Ingresos SIJ'!$C$4:$C$53,"Civil-Civil")+SUMIFS('Ingresos SIJ'!$K$4:$K$53,'Ingresos SIJ'!$A$4:$A$53,$A11,'Ingresos SIJ'!$C$4:$C$53,"Civil-Civil")+SUMIFS('Ingresos SIJ'!$L$4:$L$53,'Ingresos SIJ'!$A$4:$A$53,$A11,'Ingresos SIJ'!$C$4:$C$53,"Civil-Civil") | D11: =SUMIFS('Ingresos SIJ'!$F$4:$F$53,'Ingresos SIJ'!$A$4:$A$53,$A11,'Ingresos SIJ'!$C$4:$C$53,"Civil-Civil") | E11: =SUMIFS('Ingresos SIJ'!$D$4:$D$53,'Ingresos SIJ'!$A$4:$A$53,$A11,'Ingresos SIJ'!$C$4:$C$53,"Resto") | F11: =SUMIFS('Ingresos SIJ'!$E$4:$E$53,'Ingresos SIJ'!$A$4:$A$53,$A11,'Ingresos SIJ'!$C$4:$C$53,"Resto")+SUMIFS('Ingresos SIJ'!$F$4:$F$53,'Ingresos SIJ'!$A$4:$A$53,$A11,'Ingresos SIJ'!$C$4:$C$53,"Resto")+SUMIFS('Ingresos SIJ'!$G$4:$G$53,'Ingresos SIJ'!$A$4:$A$53,$A11,'Ingresos SIJ'!$C$4:$C$53,"Resto")+SUMIFS('Ingresos SIJ'!$H$4:$H$53,'Ingresos SIJ'!$A$4:$A$53,$A11,'Ingresos SIJ'!$C$4:$C$53,"Resto")+SUMIFS('Ingresos SIJ'!$I$4:$I$53,'Ingresos SIJ'!$A$4:$A$53,$A11,'Ingresos SIJ'!$C$4:$C$53,"Resto")+SUMIFS('Ingresos SIJ'!$J$4:$J$53,'Ingresos SIJ'!$A$4:$A$53,$A11,'Ingresos SIJ'!$C$4:$C$53,"Resto")+SUMIFS('Ingresos SIJ'!$K$4:$K$53,'Ingresos SIJ'!$A$4:$A$53,$A11,'Ingresos SIJ'!$C$4:$C$53,"Resto")+SUMIFS('Ingresos SIJ'!$L$4:$L$53,'Ingresos SIJ'!$A$4:$A$53,$A11,'Ingresos SIJ'!$C$4:$C$53,"Resto") | G11: =SUMIFS('Ingresos SIJ'!$F$4:$F$53,'Ingresos SIJ'!$A$4:$A$53,$A11,'Ingresos SIJ'!$C$4:$C$53,"Resto") | H11: =B11+C11*12/Parametros!$B$11 | I11: =E11+F11*12/Parametros!$B$11 | J11: =H11/(H11+I11) | K11: =IF(J11>=Parametros!$B$6,IF(H11<Parametros!$B$7,ROUND(Parametros!$B$5*H11,0),Parametros!$B$8),IF(H11<Parametros!$B$9,ROUND(Parametros!$B$5*H11,0),Parametros!$B$10)) | L11: =ROUND(Parametros!$B$5*I11,0) | M11: =K11+L11 | N11: =B11+C11*12/Parametros!$B$12 | O11: =E11+F11*12/Parametros!$B$12 | P11: =IF(N11/(N11+O11)>=Parametros!$B$6,IF(N11<Parametros!$B$7,ROUND(Parametros!$B$5*N11,0),Parametros!$B$8),IF(N11<Parametros!$B$9,ROUND(Parametros!$B$5*N11,0),Parametros!$B$10)) | Q11: =ROUND(Parametros!$B$5*O11,0) | R11: =P11+Q11 | S11: 504 | T11: =S11-M11 | U11: =T11/M11 | V11: =S11-R11 | W11: =V11/R11 | X11: =(S11-Parametros!$B$8)/Parametros!$B$5 | Y11: =X11-E11 | Z11: =IF(F11=0,0,Y11/F11)
A12: 8º JUZGADO CIVIL | B12: =SUMIFS('Ingresos SIJ'!$D$4:$D$53,'Ingresos SIJ'!$A$4:$A$53,$A12,'Ingresos SIJ'!$C$4:$C$53,"Civil-Civil") | C12: =SUMIFS('Ingresos SIJ'!$E$4:$E$53,'Ingresos SIJ'!$A$4:$A$53,$A12,'Ingresos SIJ'!$C$4:$C$53,"Civil-Civil")+SUMIFS('Ingresos SIJ'!$F$4:$F$53,'Ingresos SIJ'!$A$4:$A$53,$A12,'Ingresos SIJ'!$C$4:$C$53,"Civil-Civil")+SUMIFS('Ingresos SIJ'!$G$4:$G$53,'Ingresos SIJ'!$A$4:$A$53,$A12,'Ingresos SIJ'!$C$4:$C$53,"Civil-Civil")+SUMIFS('Ingresos SIJ'!$H$4:$H$53,'Ingresos SIJ'!$A$4:$A$53,$A12,'Ingresos SIJ'!$C$4:$C$53,"Civil-Civil")+SUMIFS('Ingresos SIJ'!$I$4:$I$53,'Ingresos SIJ'!$A$4:$A$53,$A12,'Ingresos SIJ'!$C$4:$C$53,"Civil-Civil")+SUMIFS('Ingresos SIJ'!$J$4:$J$53,'Ingresos SIJ'!$A$4:$A$53,$A12,'Ingresos SIJ'!$C$4:$C$53,"Civil-Civil")+SUMIFS('Ingresos SIJ'!$K$4:$K$53,'Ingresos SIJ'!$A$4:$A$53,$A12,'Ingresos SIJ'!$C$4:$C$53,"Civil-Civil")+SUMIFS('Ingresos SIJ'!$L$4:$L$53,'Ingresos SIJ'!$A$4:$A$53,$A12,'Ingresos SIJ'!$C$4:$C$53,"Civil-Civil") | D12: =SUMIFS('Ingresos SIJ'!$F$4:$F$53,'Ingresos SIJ'!$A$4:$A$53,$A12,'Ingresos SIJ'!$C$4:$C$53,"Civil-Civil") | E12: =SUMIFS('Ingresos SIJ'!$D$4:$D$53,'Ingresos SIJ'!$A$4:$A$53,$A12,'Ingresos SIJ'!$C$4:$C$53,"Resto") | F12: =SUMIFS('Ingresos SIJ'!$E$4:$E$53,'Ingresos SIJ'!$A$4:$A$53,$A12,'Ingresos SIJ'!$C$4:$C$53,"Resto")+SUMIFS('Ingresos SIJ'!$F$4:$F$53,'Ingresos SIJ'!$A$4:$A$53,$A12,'Ingresos SIJ'!$C$4:$C$53,"Resto")+SUMIFS('Ingresos SIJ'!$G$4:$G$53,'Ingresos SIJ'!$A$4:$A$53,$A12,'Ingresos SIJ'!$C$4:$C$53,"Resto")+SUMIFS('Ingresos SIJ'!$H$4:$H$53,'Ingresos SIJ'!$A$4:$A$53,$A12,'Ingresos SIJ'!$C$4:$C$53,"Resto")+SUMIFS('Ingresos SIJ'!$I$4:$I$53,'Ingresos SIJ'!$A$4:$A$53,$A12,'Ingresos SIJ'!$C$4:$C$53,"Resto")+SUMIFS('Ingresos SIJ'!$J$4:$J$53,'Ingresos SIJ'!$A$4:$A$53,$A12,'Ingresos SIJ'!$C$4:$C$53,"Resto")+SUMIFS('Ingresos SIJ'!$K$4:$K$53,'Ingresos SIJ'!$A$4:$A$53,$A12,'Ingresos SIJ'!$C$4:$C$53,"Resto")+SUMIFS('Ingresos SIJ'!$L$4:$L$53,'Ingresos SIJ'!$A$4:$A$53,$A12,'Ingresos SIJ'!$C$4:$C$53,"Resto") | G12: =SUMIFS('Ingresos SIJ'!$F$4:$F$53,'Ingresos SIJ'!$A$4:$A$53,$A12,'Ingresos SIJ'!$C$4:$C$53,"Resto") | H12: =B12+C12*12/Parametros!$B$11 | I12: =E12+F12*12/Parametros!$B$11 | J12: =H12/(H12+I12) | K12: =IF(J12>=Parametros!$B$6,IF(H12<Parametros!$B$7,ROUND(Parametros!$B$5*H12,0),Parametros!$B$8),IF(H12<Parametros!$B$9,ROUND(Parametros!$B$5*H12,0),Parametros!$B$10)) | L12: =ROUND(Parametros!$B$5*I12,0) | M12: =K12+L12 | N12: =B12+C12*12/Parametros!$B$12 | O12: =E12+F12*12/Parametros!$B$12 | P12: =IF(N12/(N12+O12)>=Parametros!$B$6,IF(N12<Parametros!$B$7,ROUND(Parametros!$B$5*N12,0),Parametros!$B$8),IF(N12<Parametros!$B$9,ROUND(Parametros!$B$5*N12,0),Parametros!$B$10)) | Q12: =ROUND(Parametros!$B$5*O12,0) | R12: =P12+Q12 | S12: 546 | T12: =S12-M12 | U12: =T12/M12 | V12: =S12-R12 | W12: =V12/R12 | X12: =(S12-Parametros!$B$8)/Parametros!$B$5 | Y12: =X12-E12 | Z12: =IF(F12=0,0,Y12/F12)
A13: 9º JUZGADO CIVIL | B13: =SUMIFS('Ingresos SIJ'!$D$4:$D$53,'Ingresos SIJ'!$A$4:$A$53,$A13,'Ingresos SIJ'!$C$4:$C$53,"Civil-Civil") | C13: =SUMIFS('Ingresos SIJ'!$E$4:$E$53,'Ingresos SIJ'!$A$4:$A$53,$A13,'Ingresos SIJ'!$C$4:$C$53,"Civil-Civil")+SUMIFS('Ingresos SIJ'!$F$4:$F$53,'Ingresos SIJ'!$A$4:$A$53,$A13,'Ingresos SIJ'!$C$4:$C$53,"Civil-Civil")+SUMIFS('Ingresos SIJ'!$G$4:$G$53,'Ingresos SIJ'!$A$4:$A$53,$A13,'Ingresos SIJ'!$C$4:$C$53,"Civil-Civil")+SUMIFS('Ingresos SIJ'!$H$4:$H$53,'Ingresos SIJ'!$A$4:$A$53,$A13,'Ingresos SIJ'!$C$4:$C$53,"Civil-Civil")+SUMIFS('Ingresos SIJ'!$I$4:$I$53,'Ingresos SIJ'!$A$4:$A$53,$A13,'Ingresos SIJ'!$C$4:$C$53,"Civil-Civil")+SUMIFS('Ingresos SIJ'!$J$4:$J$53,'Ingresos SIJ'!$A$4:$A$53,$A13,'Ingresos SIJ'!$C$4:$C$53,"Civil-Civil")+SUMIFS('Ingresos SIJ'!$K$4:$K$53,'Ingresos SIJ'!$A$4:$A$53,$A13,'Ingresos SIJ'!$C$4:$C$53,"Civil-Civil")+SUMIFS('Ingresos SIJ'!$L$4:$L$53,'Ingresos SIJ'!$A$4:$A$53,$A13,'Ingresos SIJ'!$C$4:$C$53,"Civil-Civil") | D13: =SUMIFS('Ingresos SIJ'!$F$4:$F$53,'Ingresos SIJ'!$A$4:$A$53,$A13,'Ingresos SIJ'!$C$4:$C$53,"Civil-Civil") | E13: =SUMIFS('Ingresos SIJ'!$D$4:$D$53,'Ingresos SIJ'!$A$4:$A$53,$A13,'Ingresos SIJ'!$C$4:$C$53,"Resto") | F13: =SUMIFS('Ingresos SIJ'!$E$4:$E$53,'Ingresos SIJ'!$A$4:$A$53,$A13,'Ingresos SIJ'!$C$4:$C$53,"Resto")+SUMIFS('Ingresos SIJ'!$F$4:$F$53,'Ingresos SIJ'!$A$4:$A$53,$A13,'Ingresos SIJ'!$C$4:$C$53,"Resto")+SUMIFS('Ingresos SIJ'!$G$4:$G$53,'Ingresos SIJ'!$A$4:$A$53,$A13,'Ingresos SIJ'!$C$4:$C$53,"Resto")+SUMIFS('Ingresos SIJ'!$H$4:$H$53,'Ingresos SIJ'!$A$4:$A$53,$A13,'Ingresos SIJ'!$C$4:$C$53,"Resto")+SUMIFS('Ingresos SIJ'!$I$4:$I$53,'Ingresos SIJ'!$A$4:$A$53,$A13,'Ingresos SIJ'!$C$4:$C$53,"Resto")+SUMIFS('Ingresos SIJ'!$J$4:$J$53,'Ingresos SIJ'!$A$4:$A$53,$A13,'Ingresos SIJ'!$C$4:$C$53,"Resto")+SUMIFS('Ingresos SIJ'!$K$4:$K$53,'Ingresos SIJ'!$A$4:$A$53,$A13,'Ingresos SIJ'!$C$4:$C$53,"Resto")+SUMIFS('Ingresos SIJ'!$L$4:$L$53,'Ingresos SIJ'!$A$4:$A$53,$A13,'Ingresos SIJ'!$C$4:$C$53,"Resto") | G13: =SUMIFS('Ingresos SIJ'!$F$4:$F$53,'Ingresos SIJ'!$A$4:$A$53,$A13,'Ingresos SIJ'!$C$4:$C$53,"Resto") | H13: =B13+C13*12/Parametros!$B$11 | I13: =E13+F13*12/Parametros!$B$11 | J13: =H13/(H13+I13) | K13: =IF(J13>=Parametros!$B$6,IF(H13<Parametros!$B$7,ROUND(Parametros!$B$5*H13,0),Parametros!$B$8),IF(H13<Parametros!$B$9,ROUND(Parametros!$B$5*H13,0),Parametros!$B$10)) | L13: =ROUND(Parametros!$B$5*I13,0) | M13: =K13+L13 | N13: =B13+C13*12/Parametros!$B$12 | O13: =E13+F13*12/Parametros!$B$12 | P13: =IF(N13/(N13+O13)>=Parametros!$B$6,IF(N13<Parametros!$B$7,ROUND(Parametros!$B$5*N13,0),Parametros!$B$8),IF(N13<Parametros!$B$9,ROUND(Parametros!$B$5*N13,0),Parametros!$B$10)) | Q13: =ROUND(Parametros!$B$5*O13,0) | R13: =P13+Q13 | S13: 510 | T13: =S13-M13 | U13: =T13/M13 | V13: =S13-R13 | W13: =V13/R13 | X13: =(S13-Parametros!$B$8)/Parametros!$B$5 | Y13: =X13-E13 | Z13: =IF(F13=0,0,Y13/F13)
A14: 10º JUZGADO CIVIL | B14: =SUMIFS('Ingresos SIJ'!$D$4:$D$53,'Ingresos SIJ'!$A$4:$A$53,$A14,'Ingresos SIJ'!$C$4:$C$53,"Civil-Civil") | C14: =SUMIFS('Ingresos SIJ'!$E$4:$E$53,'Ingresos SIJ'!$A$4:$A$53,$A14,'Ingresos SIJ'!$C$4:$C$53,"Civil-Civil")+SUMIFS('Ingresos SIJ'!$F$4:$F$53,'Ingresos SIJ'!$A$4:$A$53,$A14,'Ingresos SIJ'!$C$4:$C$53,"Civil-Civil")+SUMIFS('Ingresos SIJ'!$G$4:$G$53,'Ingresos SIJ'!$A$4:$A$53,$A14,'Ingresos SIJ'!$C$4:$C$53,"Civil-Civil")+SUMIFS('Ingresos SIJ'!$H$4:$H$53,'Ingresos SIJ'!$A$4:$A$53,$A14,'Ingresos SIJ'!$C$4:$C$53,"Civil-Civil")+SUMIFS('Ingresos SIJ'!$I$4:$I$53,'Ingresos SIJ'!$A$4:$A$53,$A14,'Ingresos SIJ'!$C$4:$C$53,"Civil-Civil")+SUMIFS('Ingresos SIJ'!$J$4:$J$53,'Ingresos SIJ'!$A$4:$A$53,$A14,'Ingresos SIJ'!$C$4:$C$53,"Civil-Civil")+SUMIFS('Ingresos SIJ'!$K$4:$K$53,'Ingresos SIJ'!$A$4:$A$53,$A14,'Ingresos SIJ'!$C$4:$C$53,"Civil-Civil")+SUMIFS('Ingresos SIJ'!$L$4:$L$53,'Ingresos SIJ'!$A$4:$A$53,$A14,'Ingresos SIJ'!$C$4:$C$53,"Civil-Civil") | D14: =SUMIFS('Ingresos SIJ'!$F$4:$F$53,'Ingresos SIJ'!$A$4:$A$53,$A14,'Ingresos SIJ'!$C$4:$C$53,"Civil-Civil") | E14: =SUMIFS('Ingresos SIJ'!$D$4:$D$53,'Ingresos SIJ'!$A$4:$A$53,$A14,'Ingresos SIJ'!$C$4:$C$53,"Resto") | F14: =SUMIFS('Ingresos SIJ'!$E$4:$E$53,'Ingresos SIJ'!$A$4:$A$53,$A14,'Ingresos SIJ'!$C$4:$C$53,"Resto")+SUMIFS('Ingresos SIJ'!$F$4:$F$53,'Ingresos SIJ'!$A$4:$A$53,$A14,'Ingresos SIJ'!$C$4:$C$53,"Resto")+SUMIFS('Ingresos SIJ'!$G$4:$G$53,'Ingresos SIJ'!$A$4:$A$53,$A14,'Ingresos SIJ'!$C$4:$C$53,"Resto")+SUMIFS('Ingresos SIJ'!$H$4:$H$53,'Ingresos SIJ'!$A$4:$A$53,$A14,'Ingresos SIJ'!$C$4:$C$53,"Resto")+SUMIFS('Ingresos SIJ'!$I$4:$I$53,'Ingresos SIJ'!$A$4:$A$53,$A14,'Ingresos SIJ'!$C$4:$C$53,"Resto")+SUMIFS('Ingresos SIJ'!$J$4:$J$53,'Ingresos SIJ'!$A$4:$A$53,$A14,'Ingresos SIJ'!$C$4:$C$53,"Resto")+SUMIFS('Ingresos SIJ'!$K$4:$K$53,'Ingresos SIJ'!$A$4:$A$53,$A14,'Ingresos SIJ'!$C$4:$C$53,"Resto")+SUMIFS('Ingresos SIJ'!$L$4:$L$53,'Ingresos SIJ'!$A$4:$A$53,$A14,'Ingresos SIJ'!$C$4:$C$53,"Resto") | G14: =SUMIFS('Ingresos SIJ'!$F$4:$F$53,'Ingresos SIJ'!$A$4:$A$53,$A14,'Ingresos SIJ'!$C$4:$C$53,"Resto") | H14: =B14+C14*12/Parametros!$B$11 | I14: =E14+F14*12/Parametros!$B$11 | J14: =H14/(H14+I14) | K14: =IF(J14>=Parametros!$B$6,IF(H14<Parametros!$B$7,ROUND(Parametros!$B$5*H14,0),Parametros!$B$8),IF(H14<Parametros!$B$9,ROUND(Parametros!$B$5*H14,0),Parametros!$B$10)) | L14: =ROUND(Parametros!$B$5*I14,0) | M14: =K14+L14 | N14: =B14+C14*12/Parametros!$B$12 | O14: =E14+F14*12/Parametros!$B$12 | P14: =IF(N14/(N14+O14)>=Parametros!$B$6,IF(N14<Parametros!$B$7,ROUND(Parametros!$B$5*N14,0),Parametros!$B$8),IF(N14<Parametros!$B$9,ROUND(Parametros!$B$5*N14,0),Parametros!$B$10)) | Q14: =ROUND(Parametros!$B$5*O14,0) | R14: =P14+Q14 | S14: 538 | T14: =S14-M14 | U14: =T14/M14 | V14: =S14-R14 | W14: =V14/R14 | X14: =(S14-Parametros!$B$8)/Parametros!$B$5 | Y14: =X14-E14 | Z14: =IF(F14=0,0,Y14/F14)
A15: 2° JUZGADO CIVIL TRANSITORIO | B15: =SUMIFS('Ingresos SIJ'!$D$4:$D$53,'Ingresos SIJ'!$A$4:$A$53,$A15,'Ingresos SIJ'!$C$4:$C$53,"Civil-Civil") | C15: =SUMIFS('Ingresos SIJ'!$E$4:$E$53,'Ingresos SIJ'!$A$4:$A$53,$A15,'Ingresos SIJ'!$C$4:$C$53,"Civil-Civil")+SUMIFS('Ingresos SIJ'!$F$4:$F$53,'Ingresos SIJ'!$A$4:$A$53,$A15,'Ingresos SIJ'!$C$4:$C$53,"Civil-Civil")+SUMIFS('Ingresos SIJ'!$G$4:$G$53,'Ingresos SIJ'!$A$4:$A$53,$A15,'Ingresos SIJ'!$C$4:$C$53,"Civil-Civil")+SUMIFS('Ingresos SIJ'!$H$4:$H$53,'Ingresos SIJ'!$A$4:$A$53,$A15,'Ingresos SIJ'!$C$4:$C$53,"Civil-Civil")+SUMIFS('Ingresos SIJ'!$I$4:$I$53,'Ingresos SIJ'!$A$4:$A$53,$A15,'Ingresos SIJ'!$C$4:$C$53,"Civil-Civil")+SUMIFS('Ingresos SIJ'!$J$4:$J$53,'Ingresos SIJ'!$A$4:$A$53,$A15,'Ingresos SIJ'!$C$4:$C$53,"Civil-Civil")+SUMIFS('Ingresos SIJ'!$K$4:$K$53,'Ingresos SIJ'!$A$4:$A$53,$A15,'Ingresos SIJ'!$C$4:$C$53,"Civil-Civil")+SUMIFS('Ingresos SIJ'!$L$4:$L$53,'Ingresos SIJ'!$A$4:$A$53,$A15,'Ingresos SIJ'!$C$4:$C$53,"Civil-Civil") | D15: =SUMIFS('Ingresos SIJ'!$F$4:$F$53,'Ingresos SIJ'!$A$4:$A$53,$A15,'Ingresos SIJ'!$C$4:$C$53,"Civil-Civil") | E15: =SUMIFS('Ingresos SIJ'!$D$4:$D$53,'Ingresos SIJ'!$A$4:$A$53,$A15,'Ingresos SIJ'!$C$4:$C$53,"Resto") | F15: =SUMIFS('Ingresos SIJ'!$E$4:$E$53,'Ingresos SIJ'!$A$4:$A$53,$A15,'Ingresos SIJ'!$C$4:$C$53,"Resto")+SUMIFS('Ingresos SIJ'!$F$4:$F$53,'Ingresos SIJ'!$A$4:$A$53,$A15,'Ingresos SIJ'!$C$4:$C$53,"Resto")+SUMIFS('Ingresos SIJ'!$G$4:$G$53,'Ingresos SIJ'!$A$4:$A$53,$A15,'Ingresos SIJ'!$C$4:$C$53,"Resto")+SUMIFS('Ingresos SIJ'!$H$4:$H$53,'Ingresos SIJ'!$A$4:$A$53,$A15,'Ingresos SIJ'!$C$4:$C$53,"Resto")+SUMIFS('Ingresos SIJ'!$I$4:$I$53,'Ingresos SIJ'!$A$4:$A$53,$A15,'Ingresos SIJ'!$C$4:$C$53,"Resto")+SUMIFS('Ingresos SIJ'!$J$4:$J$53,'Ingresos SIJ'!$A$4:$A$53,$A15,'Ingresos SIJ'!$C$4:$C$53,"Resto")+SUMIFS('Ingresos SIJ'!$K$4:$K$53,'Ingresos SIJ'!$A$4:$A$53,$A15,'Ingresos SIJ'!$C$4:$C$53,"Resto")+SUMIFS('Ingresos SIJ'!$L$4:$L$53,'Ingresos SIJ'!$A$4:$A$53,$A15,'Ingresos SIJ'!$C$4:$C$53,"Resto") | G15: =SUMIFS('Ingresos SIJ'!$F$4:$F$53,'Ingresos SIJ'!$A$4:$A$53,$A15,'Ingresos SIJ'!$C$4:$C$53,"Resto") | H15: =B15+C15*12/Parametros!$B$11 | I15: =E15+F15*12/Parametros!$B$11 | J15: =H15/(H15+I15) | K15: =IF(J15>=Parametros!$B$6,IF(H15<Parametros!$B$7,ROUND(Parametros!$B$5*H15,0),Parametros!$B$8),IF(H15<Parametros!$B$9,ROUND(Parametros!$B$5*H15,0),Parametros!$B$10)) | L15: =ROUND(Parametros!$B$5*I15,0) | M15: =K15+L15 | N15: =B15+C15*12/Parametros!$B$12 | O15: =E15+F15*12/Parametros!$B$12 | P15: =IF(N15/(N15+O15)>=Parametros!$B$6,IF(N15<Parametros!$B$7,ROUND(Parametros!$B$5*N15,0),Parametros!$B$8),IF(N15<Parametros!$B$9,ROUND(Parametros!$B$5*N15,0),Parametros!$B$10)) | Q15: =ROUND(Parametros!$B$5*O15,0) | R15: =P15+Q15 | S15: 654 | T15: =S15-M15 | U15: =T15/M15 | V15: =S15-R15 | W15: =V15/R15 | X15: =(S15-Parametros!$B$8)/Parametros!$B$5 | Y15: =X15-E15 | Z15: =IF(F15=0,0,Y15/F15)
A16: TOTAL (11 juzgados) | M16: =SUM(M5:M15) | R16: =SUM(R5:R15) | S16: =SUM(S5:S15) | T16: =SUM(T5:T15) | U16: =T16/M16 | V16: =SUM(V5:V15) | W16: =V16/R16
A17: TOTAL sin 2° Transitorio | M17: =SUM(M5:M14) | R17: =SUM(R5:R14) | S17: =SUM(S5:S14) | T17: =SUM(T5:T14) | U17: =T17/M17 | V17: =SUM(V5:V14) | W17: =V17/R17
A19: LECTURA
A20: • Con los datos SIJ de 2026 y el Anexo 3 de la R.A. 090-2025, ninguna proyección reproduce la "Meta estimada SIE": las diferencias no son constantes (cambian de signo y de tamaño entre juzgados). El SIE usa otros insumos para la meta.
A21: • En todos los juzgados permanentes la carga Civil-Civil supera 455 → A = 350. Toda la diferencia está en B: la carga "Resto" que habría usado el SIE (columna X) no corresponde a pendientes + ingresos 2026 proyectados (el factor implícito, columna Z, varía de ~1.4 a ~1.9 en vez de un valor fijo).
A22: • Hipótesis más probable: la meta SIE es la META PRELIMINAR fijada a inicio de año con la carga proyectada de 2025 (o con la estructura de subespecialidades de ese año), y se mantiene fija; la de este Excel se recalcula con la carga 2026.
A23: • 2° Juzgado Civil Transitorio: meta SIE 654 vs ~404 por Anexo 3. Su carga es casi solo Civil-Civil (A=350) y el resto es mínimo; 654 no sale de la regla. Probablemente su meta fue fijada en la resolución administrativa que lo crea o prorroga (verificar).
A24: • 11° Civil y 1° Civil Transitorio no tienen meta SIE en la imagen; no se comparan.

Sheet Replica Indicadores
A1: RÉPLICA DE LOS INDICADORES DE LA IMAGEN (ENE–AGO 2026)
A2: Verifica cómo se calculan nivel de carga, % de avance y nivel productivo del reporte.
A4: Juzgado | B4: Pendientes (SIJ) | C4: Ingresos ene–ago (SIJ) | D4: Carga en trámite (P+I) | E4: Carga mínima | F4: Carga máxima | G4: Nivel de carga (réplica) | H4: Nivel de carga (imagen) | I4: ¿Coincide? | J4: Producción ene–ago (SIJ) | K4: Meta SIE | L4: % avance (réplica) | M4: % avance (imagen) | N4: ¿Coincide? | O4: Avance ideal (7/11) | P4: Avance / ideal | Q4: Nivel productivo (imagen)
A5: 1º JUZGADO CIVIL | B5: =SUMIFS('Ingresos SIJ'!$D$4:$D$53,'Ingresos SIJ'!$A$4:$A$53,$A5) | C5: =SUMIFS('Ingresos SIJ'!$E$4:$E$53,'Ingresos SIJ'!$A$4:$A$53,$A5)+SUMIFS('Ingresos SIJ'!$F$4:$F$53,'Ingresos SIJ'!$A$4:$A$53,$A5)+SUMIFS('Ingresos SIJ'!$G$4:$G$53,'Ingresos SIJ'!$A$4:$A$53,$A5)+SUMIFS('Ingresos SIJ'!$H$4:$H$53,'Ingresos SIJ'!$A$4:$A$53,$A5)+SUMIFS('Ingresos SIJ'!$I$4:$I$53,'Ingresos SIJ'!$A$4:$A$53,$A5)+SUMIFS('Ingresos SIJ'!$J$4:$J$53,'Ingresos SIJ'!$A$4:$A$53,$A5)+SUMIFS('Ingresos SIJ'!$K$4:$K$53,'Ingresos SIJ'!$A$4:$A$53,$A5)+SUMIFS('Ingresos SIJ'!$L$4:$L$53,'Ingresos SIJ'!$A$4:$A$53,$A5) | D5: =B5+C5 | E5: =Parametros!$B$14 | F5: =Parametros!$B$15 | G5: =IF(D5<E5,"SUBCARGA",IF(D5>F5,"SOBRECARGA","ESTANDAR")) | H5: ESTANDAR | I5: =IF(G5=H5,"Sí","No") | J5: =SUMIFS('Resueltos SIJ'!$C$4:$C$42,'Resueltos SIJ'!$A$4:$A$42,$A5)+SUMIFS('Resueltos SIJ'!$D$4:$D$42,'Resueltos SIJ'!$A$4:$A$42,$A5)+SUMIFS('Resueltos SIJ'!$E$4:$E$42,'Resueltos SIJ'!$A$4:$A$42,$A5)+SUMIFS('Resueltos SIJ'!$F$4:$F$42,'Resueltos SIJ'!$A$4:$A$42,$A5)+SUMIFS('Resueltos SIJ'!$G$4:$G$42,'Resueltos SIJ'!$A$4:$A$42,$A5)+SUMIFS('Resueltos SIJ'!$H$4:$H$42,'Resueltos SIJ'!$A$4:$A$42,$A5)+SUMIFS('Resueltos SIJ'!$I$4:$I$42,'Resueltos SIJ'!$A$4:$A$42,$A5)+SUMIFS('Resueltos SIJ'!$J$4:$J$42,'Resueltos SIJ'!$A$4:$A$42,$A5) | K5: =INDEX('Comparacion Meta'!$S$5:$S$15,MATCH($A5,'Comparacion Meta'!$A$5:$A$15,0)) | L5: =J5/K5 | M5: 0.788 | N5: =IF(ROUND(L5,3)=ROUND(M5,3),"Sí","No") | O5: =Parametros!$B$16 | P5: =L5/O5 | Q5: MUY BUENO
A6: 2º JUZGADO CIVIL | B6: =SUMIFS('Ingresos SIJ'!$D$4:$D$53,'Ingresos SIJ'!$A$4:$A$53,$A6) | C6: =SUMIFS('Ingresos SIJ'!$E$4:$E$53,'Ingresos SIJ'!$A$4:$A$53,$A6)+SUMIFS('Ingresos SIJ'!$F$4:$F$53,'Ingresos SIJ'!$A$4:$A$53,$A6)+SUMIFS('Ingresos SIJ'!$G$4:$G$53,'Ingresos SIJ'!$A$4:$A$53,$A6)+SUMIFS('Ingresos SIJ'!$H$4:$H$53,'Ingresos SIJ'!$A$4:$A$53,$A6)+SUMIFS('Ingresos SIJ'!$I$4:$I$53,'Ingresos SIJ'!$A$4:$A$53,$A6)+SUMIFS('Ingresos SIJ'!$J$4:$J$53,'Ingresos SIJ'!$A$4:$A$53,$A6)+SUMIFS('Ingresos SIJ'!$K$4:$K$53,'Ingresos SIJ'!$A$4:$A$53,$A6)+SUMIFS('Ingresos SIJ'!$L$4:$L$53,'Ingresos SIJ'!$A$4:$A$53,$A6) | D6: =B6+C6 | E6: =Parametros!$B$14 | F6: =Parametros!$B$15 | G6: =IF(D6<E6,"SUBCARGA",IF(D6>F6,"SOBRECARGA","ESTANDAR")) | H6: ESTANDAR | I6: =IF(G6=H6,"Sí","No") | J6: =SUMIFS('Resueltos SIJ'!$C$4:$C$42,'Resueltos SIJ'!$A$4:$A$42,$A6)+SUMIFS('Resueltos SIJ'!$D$4:$D$42,'Resueltos SIJ'!$A$4:$A$42,$A6)+SUMIFS('Resueltos SIJ'!$E$4:$E$42,'Resueltos SIJ'!$A$4:$A$42,$A6)+SUMIFS('Resueltos SIJ'!$F$4:$F$42,'Resueltos SIJ'!$A$4:$A$42,$A6)+SUMIFS('Resueltos SIJ'!$G$4:$G$42,'Resueltos SIJ'!$A$4:$A$42,$A6)+SUMIFS('Resueltos SIJ'!$H$4:$H$42,'Resueltos SIJ'!$A$4:$A$42,$A6)+SUMIFS('Resueltos SIJ'!$I$4:$I$42,'Resueltos SIJ'!$A$4:$A$42,$A6)+SUMIFS('Resueltos SIJ'!$J$4:$J$42,'Resueltos SIJ'!$A$4:$A$42,$A6) | K6: =INDEX('Comparacion Meta'!$S$5:$S$15,MATCH($A6,'Comparacion Meta'!$A$5:$A$15,0)) | L6: =J6/K6 | M6: 0.619 | N6: =IF(ROUND(L6,3)=ROUND(M6,3),"Sí","No") | O6: =Parametros!$B$16 | P6: =L6/O6 | Q6: BUENO
A7: 3º JUZGADO CIVIL | B7: =SUMIFS('Ingresos SIJ'!$D$4:$D$53,'Ingresos SIJ'!$A$4:$A$53,$A7) | C7: =SUMIFS('Ingresos SIJ'!$E$4:$E$53,'Ingresos SIJ'!$A$4:$A$53,$A7)+SUMIFS('Ingresos SIJ'!$F$4:$F$53,'Ingresos SIJ'!$A$4:$A$53,$A7)+SUMIFS('Ingresos SIJ'!$G$4:$G$53,'Ingresos SIJ'!$A$4:$A$53,$A7)+SUMIFS('Ingresos SIJ'!$H$4:$H$53,'Ingresos SIJ'!$A$4:$A$53,$A7)+SUMIFS('Ingresos SIJ'!$I$4:$I$53,'Ingresos SIJ'!$A$4:$A$53,$A7)+SUMIFS('Ingresos SIJ'!$J$4:$J$53,'Ingresos SIJ'!$A$4:$A$53,$A7)+SUMIFS('Ingresos SIJ'!$K$4:$K$53,'Ingresos SIJ'!$A$4:$A$53,$A7)+SUMIFS('Ingresos SIJ'!$L$4:$L$53,'Ingresos SIJ'!$A$4:$A$53,$A7) | D7: =B7+C7 | E7: =Parametros!$B$14 | F7: =Parametros!$B$15 | G7: =IF(D7<E7,"SUBCARGA",IF(D7>F7,"SOBRECARGA","ESTANDAR")) | H7: ESTANDAR | I7: =IF(G7=H7,"Sí","No") | J7: =SUMIFS('Resueltos SIJ'!$C$4:$C$42,'Resueltos SIJ'!$A$4:$A$42,$A7)+SUMIFS('Resueltos SIJ'!$D$4:$D$42,'Resueltos SIJ'!$A$4:$A$42,$A7)+SUMIFS('Resueltos SIJ'!$E$4:$E$42,'Resueltos SIJ'!$A$4:$A$42,$A7)+SUMIFS('Resueltos SIJ'!$F$4:$F$42,'Resueltos SIJ'!$A$4:$A$42,$A7)+SUMIFS('Resueltos SIJ'!$G$4:$G$42,'Resueltos SIJ'!$A$4:$A$42,$A7)+SUMIFS('Resueltos SIJ'!$H$4:$H$42,'Resueltos SIJ'!$A$4:$A$42,$A7)+SUMIFS('Resueltos SIJ'!$I$4:$I$42,'Resueltos SIJ'!$A$4:$A$42,$A7)+SUMIFS('Resueltos SIJ'!$J$4:$J$42,'Resueltos SIJ'!$A$4:$A$42,$A7) | K7: =INDEX('Comparacion Meta'!$S$5:$S$15,MATCH($A7,'Comparacion Meta'!$A$5:$A$15,0)) | L7: =J7/K7 | M7: 0.886 | N7: =IF(ROUND(L7,3)=ROUND(M7,3),"Sí","No") | O7: =Parametros!$B$16 | P7: =L7/O7 | Q7: MUY BUENO
A8: 4º JUZGADO CIVIL | B8: =SUMIFS('Ingresos SIJ'!$D$4:$D$53,'Ingresos SIJ'!$A$4:$A$53,$A8) | C8: =SUMIFS('Ingresos SIJ'!$E$4:$E$53,'Ingresos SIJ'!$A$4:$A$53,$A8)+SUMIFS('Ingresos SIJ'!$F$4:$F$53,'Ingresos SIJ'!$A$4:$A$53,$A8)+SUMIFS('Ingresos SIJ'!$G$4:$G$53,'Ingresos SIJ'!$A$4:$A$53,$A8)+SUMIFS('Ingresos SIJ'!$H$4:$H$53,'Ingresos SIJ'!$A$4:$A$53,$A8)+SUMIFS('Ingresos SIJ'!$I$4:$I$53,'Ingresos SIJ'!$A$4:$A$53,$A8)+SUMIFS('Ingresos SIJ'!$J$4:$J$53,'Ingresos SIJ'!$A$4:$A$53,$A8)+SUMIFS('Ingresos SIJ'!$K$4:$K$53,'Ingresos SIJ'!$A$4:$A$53,$A8)+SUMIFS('Ingresos SIJ'!$L$4:$L$53,'Ingresos SIJ'!$A$4:$A$53,$A8) | D8: =B8+C8 | E8: =Parametros!$B$14 | F8: =Parametros!$B$15 | G8: =IF(D8<E8,"SUBCARGA",IF(D8>F8,"SOBRECARGA","ESTANDAR")) | H8: SOBRECARGA | I8: =IF(G8=H8,"Sí","No") | J8: =SUMIFS('Resueltos SIJ'!$C$4:$C$42,'Resueltos SIJ'!$A$4:$A$42,$A8)+SUMIFS('Resueltos SIJ'!$D$4:$D$42,'Resueltos SIJ'!$A$4:$A$42,$A8)+SUMIFS('Resueltos SIJ'!$E$4:$E$42,'Resueltos SIJ'!$A$4:$A$42,$A8)+SUMIFS('Resueltos SIJ'!$F$4:$F$42,'Resueltos SIJ'!$A$4:$A$42,$A8)+SUMIFS('Resueltos SIJ'!$G$4:$G$42,'Resueltos SIJ'!$A$4:$A$42,$A8)+SUMIFS('Resueltos SIJ'!$H$4:$H$42,'Resueltos SIJ'!$A$4:$A$42,$A8)+SUMIFS('Resueltos SIJ'!$I$4:$I$42,'Resueltos SIJ'!$A$4:$A$42,$A8)+SUMIFS('Resueltos SIJ'!$J$4:$J$42,'Resueltos SIJ'!$A$4:$A$42,$A8) | K8: =INDEX('Comparacion Meta'!$S$5:$S$15,MATCH($A8,'Comparacion Meta'!$A$5:$A$15,0)) | L8: =J8/K8 | M8: 0.687 | N8: =IF(ROUND(L8,3)=ROUND(M8,3),"Sí","No") | O8: =Parametros!$B$16 | P8: =L8/O8 | Q8: MUY BUENO
A9: 5º JUZGADO CIVIL | B9: =SUMIFS('Ingresos SIJ'!$D$4:$D$53,'Ingresos SIJ'!$A$4:$A$53,$A9) | C9: =SUMIFS('Ingresos SIJ'!$E$4:$E$53,'Ingresos SIJ'!$A$4:$A$53,$A9)+SUMIFS('Ingresos SIJ'!$F$4:$F$53,'Ingresos SIJ'!$A$4:$A$53,$A9)+SUMIFS('Ingresos SIJ'!$G$4:$G$53,'Ingresos SIJ'!$A$4:$A$53,$A9)+SUMIFS('Ingresos SIJ'!$H$4:$H$53,'Ingresos SIJ'!$A$4:$A$53,$A9)+SUMIFS('Ingresos SIJ'!$I$4:$I$53,'Ingresos SIJ'!$A$4:$A$53,$A9)+SUMIFS('Ingresos SIJ'!$J$4:$J$53,'Ingresos SIJ'!$A$4:$A$53,$A9)+SUMIFS('Ingresos SIJ'!$K$4:$K$53,'Ingresos SIJ'!$A$4:$A$53,$A9)+SUMIFS('Ingresos SIJ'!$L$4:$L$53,'Ingresos SIJ'!$A$4:$A$53,$A9) | D9: =B9+C9 | E9: =Parametros!$B$14 | F9: =Parametros!$B$15 | G9: =IF(D9<E9,"SUBCARGA",IF(D9>F9,"SOBRECARGA","ESTANDAR")) | H9: SOBRECARGA | I9: =IF(G9=H9,"Sí","No") | J9: =SUMIFS('Resueltos SIJ'!$C$4:$C$42,'Resueltos SIJ'!$A$4:$A$42,$A9)+SUMIFS('Resueltos SIJ'!$D$4:$D$42,'Resueltos SIJ'!$A$4:$A$42,$A9)+SUMIFS('Resueltos SIJ'!$E$4:$E$42,'Resueltos SIJ'!$A$4:$A$42,$A9)+SUMIFS('Resueltos SIJ'!$F$4:$F$42,'Resueltos SIJ'!$A$4:$A$42,$A9)+SUMIFS('Resueltos SIJ'!$G$4:$G$42,'Resueltos SIJ'!$A$4:$A$42,$A9)+SUMIFS('Resueltos SIJ'!$H$4:$H$42,'Resueltos SIJ'!$A$4:$A$42,$A9)+SUMIFS('Resueltos SIJ'!$I$4:$I$42,'Resueltos SIJ'!$A$4:$A$42,$A9)+SUMIFS('Resueltos SIJ'!$J$4:$J$42,'Resueltos SIJ'!$A$4:$A$42,$A9) | K9: =INDEX('Comparacion Meta'!$S$5:$S$15,MATCH($A9,'Comparacion Meta'!$A$5:$A$15,0)) | L9: =J9/K9 | M9: 0.718 | N9: =IF(ROUND(L9,3)=ROUND(M9,3),"Sí","No") | O9: =Parametros!$B$16 | P9: =L9/O9 | Q9: MUY BUENO
A10: 6º JUZGADO CIVIL | B10: =SUMIFS('Ingresos SIJ'!$D$4:$D$53,'Ingresos SIJ'!$A$4:$A$53,$A10) | C10: =SUMIFS('Ingresos SIJ'!$E$4:$E$53,'Ingresos SIJ'!$A$4:$A$53,$A10)+SUMIFS('Ingresos SIJ'!$F$4:$F$53,'Ingresos SIJ'!$A$4:$A$53,$A10)+SUMIFS('Ingresos SIJ'!$G$4:$G$53,'Ingresos SIJ'!$A$4:$A$53,$A10)+SUMIFS('Ingresos SIJ'!$H$4:$H$53,'Ingresos SIJ'!$A$4:$A$53,$A10)+SUMIFS('Ingresos SIJ'!$I$4:$I$53,'Ingresos SIJ'!$A$4:$A$53,$A10)+SUMIFS('Ingresos SIJ'!$J$4:$J$53,'Ingresos SIJ'!$A$4:$A$53,$A10)+SUMIFS('Ingresos SIJ'!$K$4:$K$53,'Ingresos SIJ'!$A$4:$A$53,$A10)+SUMIFS('Ingresos SIJ'!$L$4:$L$53,'Ingresos SIJ'!$A$4:$A$53,$A10) | D10: =B10+C10 | E10: =Parametros!$B$14 | F10: =Parametros!$B$15 | G10: =IF(D10<E10,"SUBCARGA",IF(D10>F10,"SOBRECARGA","ESTANDAR")) | H10: SOBRECARGA | I10: =IF(G10=H10,"Sí","No") | J10: =SUMIFS('Resueltos SIJ'!$C$4:$C$42,'Resueltos SIJ'!$A$4:$A$42,$A10)+SUMIFS('Resueltos SIJ'!$D$4:$D$42,'Resueltos SIJ'!$A$4:$A$42,$A10)+SUMIFS('Resueltos SIJ'!$E$4:$E$42,'Resueltos SIJ'!$A$4:$A$42,$A10)+SUMIFS('Resueltos SIJ'!$F$4:$F$42,'Resueltos SIJ'!$A$4:$A$42,$A10)+SUMIFS('Resueltos SIJ'!$G$4:$G$42,'Resueltos SIJ'!$A$4:$A$42,$A10)+SUMIFS('Resueltos SIJ'!$H$4:$H$42,'Resueltos SIJ'!$A$4:$A$42,$A10)+SUMIFS('Resueltos SIJ'!$I$4:$I$42,'Resueltos SIJ'!$A$4:$A$42,$A10)+SUMIFS('Resueltos SIJ'!$J$4:$J$42,'Resueltos SIJ'!$A$4:$A$42,$A10) | K10: =INDEX('Comparacion Meta'!$S$5:$S$15,MATCH($A10,'Comparacion Meta'!$A$5:$A$15,0)) | L10: =J10/K10 | M10: 0.72 | N10: =IF(ROUND(L10,3)=ROUND(M10,3),"Sí","No") | O10: =Parametros!$B$16 | P10: =L10/O10 | Q10: MUY BUENO
A11: 7º JUZGADO CIVIL | B11: =SUMIFS('Ingresos SIJ'!$D$4:$D$53,'Ingresos SIJ'!$A$4:$A$53,$A11) | C11: =SUMIFS('Ingresos SIJ'!$E$4:$E$53,'Ingresos SIJ'!$A$4:$A$53,$A11)+SUMIFS('Ingresos SIJ'!$F$4:$F$53,'Ingresos SIJ'!$A$4:$A$53,$A11)+SUMIFS('Ingresos SIJ'!$G$4:$G$53,'Ingresos SIJ'!$A$4:$A$53,$A11)+SUMIFS('Ingresos SIJ'!$H$4:$H$53,'Ingresos SIJ'!$A$4:$A$53,$A11)+SUMIFS('Ingresos SIJ'!$I$4:$I$53,'Ingresos SIJ'!$A$4:$A$53,$A11)+SUMIFS('Ingresos SIJ'!$J$4:$J$53,'Ingresos SIJ'!$A$4:$A$53,$A11)+SUMIFS('Ingresos SIJ'!$K$4:$K$53,'Ingresos SIJ'!$A$4:$A$53,$A11)+SUMIFS('Ingresos SIJ'!$L$4:$L$53,'Ingresos SIJ'!$A$4:$A$53,$A11) | D11: =B11+C11 | E11: =Parametros!$B$14 | F11: =Parametros!$B$15 | G11: =IF(D11<E11,"SUBCARGA",IF(D11>F11,"SOBRECARGA","ESTANDAR")) | H11: ESTANDAR | I11: =IF(G11=H11,"Sí","No") | J11: =SUMIFS('Resueltos SIJ'!$C$4:$C$42,'Resueltos SIJ'!$A$4:$A$42,$A11)+SUMIFS('Resueltos SIJ'!$D$4:$D$42,'Resueltos SIJ'!$A$4:$A$42,$A11)+SUMIFS('Resueltos SIJ'!$E$4:$E$42,'Resueltos SIJ'!$A$4:$A$42,$A11)+SUMIFS('Resueltos SIJ'!$F$4:$F$42,'Resueltos SIJ'!$A$4:$A$42,$A11)+SUMIFS('Resueltos SIJ'!$G$4:$G$42,'Resueltos SIJ'!$A$4:$A$42,$A11)+SUMIFS('Resueltos SIJ'!$H$4:$H$42,'Resueltos SIJ'!$A$4:$A$42,$A11)+SUMIFS('Resueltos SIJ'!$I$4:$I$42,'Resueltos SIJ'!$A$4:$A$42,$A11)+SUMIFS('Resueltos SIJ'!$J$4:$J$42,'Resueltos SIJ'!$A$4:$A$42,$A11) | K11: =INDEX('Comparacion Meta'!$S$5:$S$15,MATCH($A11,'Comparacion Meta'!$A$5:$A$15,0)) | L11: =J11/K11 | M11: 0.688 | N11: =IF(ROUND(L11,3)=ROUND(M11,3),"Sí","No") | O11: =Parametros!$B$16 | P11: =L11/O11 | Q11: MUY BUENO
A12: 8º JUZGADO CIVIL | B12: =SUMIFS('Ingresos SIJ'!$D$4:$D$53,'Ingresos SIJ'!$A$4:$A$53,$A12) | C12: =SUMIFS('Ingresos SIJ'!$E$4:$E$53,'Ingresos SIJ'!$A$4:$A$53,$A12)+SUMIFS('Ingresos SIJ'!$F$4:$F$53,'Ingresos SIJ'!$A$4:$A$53,$A12)+SUMIFS('Ingresos SIJ'!$G$4:$G$53,'Ingresos SIJ'!$A$4:$A$53,$A12)+SUMIFS('Ingresos SIJ'!$H$4:$H$53,'Ingresos SIJ'!$A$4:$A$53,$A12)+SUMIFS('Ingresos SIJ'!$I$4:$I$53,'Ingresos SIJ'!$A$4:$A$53,$A12)+SUMIFS('Ingresos SIJ'!$J$4:$J$53,'Ingresos SIJ'!$A$4:$A$53,$A12)+SUMIFS('Ingresos SIJ'!$K$4:$K$53,'Ingresos SIJ'!$A$4:$A$53,$A12)+SUMIFS('Ingresos SIJ'!$L$4:$L$53,'Ingresos SIJ'!$A$4:$A$53,$A12) | D12: =B12+C12 | E12: =Parametros!$B$14 | F12: =Parametros!$B$15 | G12: =IF(D12<E12,"SUBCARGA",IF(D12>F12,"SOBRECARGA","ESTANDAR")) | H12: ESTANDAR | I12: =IF(G12=H12,"Sí","No") | J12: =SUMIFS('Resueltos SIJ'!$C$4:$C$42,'Resueltos SIJ'!$A$4:$A$42,$A12)+SUMIFS('Resueltos SIJ'!$D$4:$D$42,'Resueltos SIJ'!$A$4:$A$42,$A12)+SUMIFS('Resueltos SIJ'!$E$4:$E$42,'Resueltos SIJ'!$A$4:$A$42,$A12)+SUMIFS('Resueltos SIJ'!$F$4:$F$42,'Resueltos SIJ'!$A$4:$A$42,$A12)+SUMIFS('Resueltos SIJ'!$G$4:$G$42,'Resueltos SIJ'!$A$4:$A$42,$A12)+SUMIFS('Resueltos SIJ'!$H$4:$H$42,'Resueltos SIJ'!$A$4:$A$42,$A12)+SUMIFS('Resueltos SIJ'!$I$4:$I$42,'Resueltos SIJ'!$A$4:$A$42,$A12)+SUMIFS('Resueltos SIJ'!$J$4:$J$42,'Resueltos SIJ'!$A$4:$A$42,$A12) | K12: =INDEX('Comparacion Meta'!$S$5:$S$15,MATCH($A12,'Comparacion Meta'!$A$5:$A$15,0)) | L12: =J12/K12 | M12: 0.703 | N12: =IF(ROUND(L12,3)=ROUND(M12,3),"Sí","No") | O12: =Parametros!$B$16 | P12: =L12/O12 | Q12: MUY BUENO
A13: 9º JUZGADO CIVIL | B13: =SUMIFS('Ingresos SIJ'!$D$4:$D$53,'Ingresos SIJ'!$A$4:$A$53,$A13) | C13: =SUMIFS('Ingresos SIJ'!$E$4:$E$53,'Ingresos SIJ'!$A$4:$A$53,$A13)+SUMIFS('Ingresos SIJ'!$F$4:$F$53,'Ingresos SIJ'!$A$4:$A$53,$A13)+SUMIFS('Ingresos SIJ'!$G$4:$G$53,'Ingresos SIJ'!$A$4:$A$53,$A13)+SUMIFS('Ingresos SIJ'!$H$4:$H$53,'Ingresos SIJ'!$A$4:$A$53,$A13)+SUMIFS('Ingresos SIJ'!$I$4:$I$53,'Ingresos SIJ'!$A$4:$A$53,$A13)+SUMIFS('Ingresos SIJ'!$J$4:$J$53,'Ingresos SIJ'!$A$4:$A$53,$A13)+SUMIFS('Ingresos SIJ'!$K$4:$K$53,'Ingresos SIJ'!$A$4:$A$53,$A13)+SUMIFS('Ingresos SIJ'!$L$4:$L$53,'Ingresos SIJ'!$A$4:$A$53,$A13) | D13: =B13+C13 | E13: =Parametros!$B$14 | F13: =Parametros!$B$15 | G13: =IF(D13<E13,"SUBCARGA",IF(D13>F13,"SOBRECARGA","ESTANDAR")) | H13: ESTANDAR | I13: =IF(G13=H13,"Sí","No") | J13: =SUMIFS('Resueltos SIJ'!$C$4:$C$42,'Resueltos SIJ'!$A$4:$A$42,$A13)+SUMIFS('Resueltos SIJ'!$D$4:$D$42,'Resueltos SIJ'!$A$4:$A$42,$A13)+SUMIFS('Resueltos SIJ'!$E$4:$E$42,'Resueltos SIJ'!$A$4:$A$42,$A13)+SUMIFS('Resueltos SIJ'!$F$4:$F$42,'Resueltos SIJ'!$A$4:$A$42,$A13)+SUMIFS('Resueltos SIJ'!$G$4:$G$42,'Resueltos SIJ'!$A$4:$A$42,$A13)+SUMIFS('Resueltos SIJ'!$H$4:$H$42,'Resueltos SIJ'!$A$4:$A$42,$A13)+SUMIFS('Resueltos SIJ'!$I$4:$I$42,'Resueltos SIJ'!$A$4:$A$42,$A13)+SUMIFS('Resueltos SIJ'!$J$4:$J$42,'Resueltos SIJ'!$A$4:$A$42,$A13) | K13: =INDEX('Comparacion Meta'!$S$5:$S$15,MATCH($A13,'Comparacion Meta'!$A$5:$A$15,0)) | L13: =J13/K13 | M13: 0.767 | N13: =IF(ROUND(L13,3)=ROUND(M13,3),"Sí","No") | O13: =Parametros!$B$16 | P13: =L13/O13 | Q13: MUY BUENO
A14: 10º JUZGADO CIVIL | B14: =SUMIFS('Ingresos SIJ'!$D$4:$D$53,'Ingresos SIJ'!$A$4:$A$53,$A14) | C14: =SUMIFS('Ingresos SIJ'!$E$4:$E$53,'Ingresos SIJ'!$A$4:$A$53,$A14)+SUMIFS('Ingresos SIJ'!$F$4:$F$53,'Ingresos SIJ'!$A$4:$A$53,$A14)+SUMIFS('Ingresos SIJ'!$G$4:$G$53,'Ingresos SIJ'!$A$4:$A$53,$A14)+SUMIFS('Ingresos SIJ'!$H$4:$H$53,'Ingresos SIJ'!$A$4:$A$53,$A14)+SUMIFS('Ingresos SIJ'!$I$4:$I$53,'Ingresos SIJ'!$A$4:$A$53,$A14)+SUMIFS('Ingresos SIJ'!$J$4:$J$53,'Ingresos SIJ'!$A$4:$A$53,$A14)+SUMIFS('Ingresos SIJ'!$K$4:$K$53,'Ingresos SIJ'!$A$4:$A$53,$A14)+SUMIFS('Ingresos SIJ'!$L$4:$L$53,'Ingresos SIJ'!$A$4:$A$53,$A14) | D14: =B14+C14 | E14: =Parametros!$B$14 | F14: =Parametros!$B$15 | G14: =IF(D14<E14,"SUBCARGA",IF(D14>F14,"SOBRECARGA","ESTANDAR")) | H14: ESTANDAR | I14: =IF(G14=H14,"Sí","No") | J14: =SUMIFS('Resueltos SIJ'!$C$4:$C$42,'Resueltos SIJ'!$A$4:$A$42,$A14)+SUMIFS('Resueltos SIJ'!$D$4:$D$42,'Resueltos SIJ'!$A$4:$A$42,$A14)+SUMIFS('Resueltos SIJ'!$E$4:$E$42,'Resueltos SIJ'!$A$4:$A$42,$A14)+SUMIFS('Resueltos SIJ'!$F$4:$F$42,'Resueltos SIJ'!$A$4:$A$42,$A14)+SUMIFS('Resueltos SIJ'!$G$4:$G$42,'Resueltos SIJ'!$A$4:$A$42,$A14)+SUMIFS('Resueltos SIJ'!$H$4:$H$42,'Resueltos SIJ'!$A$4:$A$42,$A14)+SUMIFS('Resueltos SIJ'!$I$4:$I$42,'Resueltos SIJ'!$A$4:$A$42,$A14)+SUMIFS('Resueltos SIJ'!$J$4:$J$42,'Resueltos SIJ'!$A$4:$A$42,$A14) | K14: =INDEX('Comparacion Meta'!$S$5:$S$15,MATCH($A14,'Comparacion Meta'!$A$5:$A$15,0)) | L14: =J14/K14 | M14: 0.777 | N14: =IF(ROUND(L14,3)=ROUND(M14,3),"Sí","No") | O14: =Parametros!$B$16 | P14: =L14/O14 | Q14: MUY BUENO
A15: 2° JUZGADO CIVIL TRANSITORIO | B15: =SUMIFS('Ingresos SIJ'!$D$4:$D$53,'Ingresos SIJ'!$A$4:$A$53,$A15) | C15: =SUMIFS('Ingresos SIJ'!$E$4:$E$53,'Ingresos SIJ'!$A$4:$A$53,$A15)+SUMIFS('Ingresos SIJ'!$F$4:$F$53,'Ingresos SIJ'!$A$4:$A$53,$A15)+SUMIFS('Ingresos SIJ'!$G$4:$G$53,'Ingresos SIJ'!$A$4:$A$53,$A15)+SUMIFS('Ingresos SIJ'!$H$4:$H$53,'Ingresos SIJ'!$A$4:$A$53,$A15)+SUMIFS('Ingresos SIJ'!$I$4:$I$53,'Ingresos SIJ'!$A$4:$A$53,$A15)+SUMIFS('Ingresos SIJ'!$J$4:$J$53,'Ingresos SIJ'!$A$4:$A$53,$A15)+SUMIFS('Ingresos SIJ'!$K$4:$K$53,'Ingresos SIJ'!$A$4:$A$53,$A15)+SUMIFS('Ingresos SIJ'!$L$4:$L$53,'Ingresos SIJ'!$A$4:$A$53,$A15) | D15: =B15+C15 | E15: =Parametros!$B$14 | F15: =Parametros!$B$15 | G15: =IF(D15<E15,"SUBCARGA",IF(D15>F15,"SOBRECARGA","ESTANDAR")) | H15: ESTANDAR | I15: =IF(G15=H15,"Sí","No") | J15: =SUMIFS('Resueltos SIJ'!$C$4:$C$42,'Resueltos SIJ'!$A$4:$A$42,$A15)+SUMIFS('Resueltos SIJ'!$D$4:$D$42,'Resueltos SIJ'!$A$4:$A$42,$A15)+SUMIFS('Resueltos SIJ'!$E$4:$E$42,'Resueltos SIJ'!$A$4:$A$42,$A15)+SUMIFS('Resueltos SIJ'!$F$4:$F$42,'Resueltos SIJ'!$A$4:$A$42,$A15)+SUMIFS('Resueltos SIJ'!$G$4:$G$42,'Resueltos SIJ'!$A$4:$A$42,$A15)+SUMIFS('Resueltos SIJ'!$H$4:$H$42,'Resueltos SIJ'!$A$4:$A$42,$A15)+SUMIFS('Resueltos SIJ'!$I$4:$I$42,'Resueltos SIJ'!$A$4:$A$42,$A15)+SUMIFS('Resueltos SIJ'!$J$4:$J$42,'Resueltos SIJ'!$A$4:$A$42,$A15) | K15: =INDEX('Comparacion Meta'!$S$5:$S$15,MATCH($A15,'Comparacion Meta'!$A$5:$A$15,0)) | L15: =J15/K15 | M15: 0.544 | N15: =IF(ROUND(L15,3)=ROUND(M15,3),"Sí","No") | O15: =Parametros!$B$16 | P15: =L15/O15 | Q15: BAJO
A17: LECTURA
A18: • Nivel de carga: el reporte compara la carga en trámite ACUMULADA a agosto (pendientes + ingresos ene–ago, sin proyectar) con la carga mínima (600×1.3=780) y máxima (600×1.7=1020). Coincide en todos los juzgados. Ojo: compara 8 meses de ingresos contra umbrales anuales, así que subestima la carga real del año.
A19: • % avance = producción ene–ago / meta SIE. Coincide en todos los juzgados.
A20: • El 63.6% del encabezado = 7/11: avance esperado a agosto contando 11 meses efectivos (sin febrero).
A21: • Nivel productivo: con estos casos parece ser MUY BUENO si el avance ≥ 63.6%, BUENO entre ~90% y 100% del ideal (2° Civil: 61.9% = 97% del ideal) y BAJO por debajo (2° Transitorio: 54.4% = 86% del ideal). Los cortes exactos no se pueden fijar con solo estos datos.
A22: • Salas Civiles (imagen): meta = estándar 1,400 aunque la 1ª Sala está en subcarga, porque no son únicas en su especialidad (Anexo 2: si no es única, meta = estándar).

Sheet Parametros
A1: PARÁMETROS
A3: Parámetro | B3: Valor | C3: Fuente
A4: Estándar Juzgado Civil Mixto sin VF | B4: 600 | C4: R.A. 090-2025-CE-PJ, Anexo 1
A5: Factor 77% | B5: 0.77 | C5: R.A. 090-2025-CE-PJ, Anexo 3
A6: Umbral Civil-Civil / carga total | B6: 0.75 | C6: Anexo 3
A7: Caso 1: límite carga Civil-Civil | B7: 455 | C7: Anexo 3
A8: Caso 1: meta fija Civil-Civil | B8: 350 | C8: Anexo 3
A9: Caso 2: límite carga Civil-Civil | B9: 390 | C9: Anexo 3
A10: Caso 2: meta fija Civil-Civil | B10: 300 | C10: Anexo 3
A11: Meses transcurridos (ene–ago) | B11: 8 | C11: Corte del reporte de la imagen
A12: Meses efectivos transcurridos sin febrero (vacaciones) | B12: 7 | C12: Supuesto: febrero = vacaciones judiciales
A13: Meses efectivos del año sin febrero | B13: 11 | C13: Supuesto
A14: Carga mínima = estándar × 1.3 | B14: =B4*1.3 | C14: R.A. 395-2020-CE-PJ
A15: Carga máxima = estándar × 1.7 | B15: =B4*1.7 | C15: R.A. 395-2020-CE-PJ
A16: Avance ideal al corte = meses efectivos / 11 | B16: =B12/B13 | C16: Coincide con el 63.6% del encabezado de la imagen

Sheet Ingresos SIJ
A1: INGRESOS Y PENDIENTES – TRÁMITE (SIJ 2026)
A2: Fuente: Ingresos_Tramite_ene-set_2026_jec_ci.xlsx
A3: Juzgado | B3: Subespecialidad | C3: Grupo | D3: Pendientes año anterior | E3: Ene | F3: Feb | G3: Mar | H3: Abr | I3: May | J3: Jun | K3: Jul | L3: Ago | M3: Set
A4: 1º JUZGADO CIVIL | B4: CIVIL - CIVIL | C4: Civil-Civil | D4: 409 | E4: 53 | F4: 1 | G4: 48 | H4: 62 | I4: 47 | J4: 49 | K4: 52 | L4: 46 | M4: 50
A5: 1º JUZGADO CIVIL | B5: CIVIL - COMERCIAL | C5: Resto | D5: 85 | E5: 9 | F5: 0 | G5: 10 | H5: 9 | I5: 8 | J5: 8 | K5: 5 | L5: 4 | M5: 6
A6: 1º JUZGADO CIVIL | B6: FAMILIA - FAMILIA CIVIL | C6: Resto | D6: 0 | E6: 0 | F6: 0 | G6: 1 | H6: 0 | I6: 0 | J6: 0 | K6: 0 | L6: 0 | M6: 0
A7: 1º JUZGADO CIVIL | B7: CIVIL - CONTENCIOSO ADMINISTRATIVO | C7: Resto | D7: 35 | E7: 5 | F7: 0 | G7: 5 | H7: 2 | I7: 5 | J7: 1 | K7: 2 | L7: 5 | M7: 4
A8: 2º JUZGADO CIVIL | B8: CIVIL - CIVIL | C8: Civil-Civil | D8: 501 | E8: 50 | F8: 2 | G8: 33 | H8: 60 | I8: 51 | J8: 38 | K8: 18 | L8: 37 | M8: 58
A9: 2º JUZGADO CIVIL | B9: CIVIL - COMERCIAL | C9: Resto | D9: 35 | E9: 12 | F9: 0 | G9: 10 | H9: 13 | I9: 15 | J9: 18 | K9: 7 | L9: 4 | M9: 14
A10: 2º JUZGADO CIVIL | B10: FAMILIA - FAMILIA CIVIL | C10: Resto | D10: 1 | E10: 0 | F10: 0 | G10: 0 | H10: 0 | I10: 0 | J10: 0 | K10: 0 | L10: 0 | M10: 0
A11: 2º JUZGADO CIVIL | B11: CIVIL - CONSTITUCIONAL | C11: Resto | D11: 1 | E11: 0 | F11: 0 | G11: 0 | H11: 0 | I11: 0 | J11: 0 | K11: 0 | L11: 0 | M11: 1
A12: 2º JUZGADO CIVIL | B12: CIVIL - CONTENCIOSO ADMINISTRATIVO | C12: Resto | D12: 22 | E12: 3 | F12: 0 | G12: 5 | H12: 3 | I12: 3 | J12: 5 | K12: 1 | L12: 1 | M12: 6
A13: 3º JUZGADO CIVIL | B13: CIVIL - CIVIL | C13: Civil-Civil | D13: 428 | E13: 49 | F13: 0 | G13: 36 | H13: 70 | I13: 37 | J13: 29 | K13: 64 | L13: 29 | M13: 39
A14: 3º JUZGADO CIVIL | B14: CIVIL - COMERCIAL | C14: Resto | D14: 42 | E14: 7 | F14: 0 | G14: 8 | H14: 10 | I14: 8 | J14: 6 | K14: 2 | L14: 6 | M14: 8
A15: 3º JUZGADO CIVIL | B15: CIVIL - CONSTITUCIONAL | C15: Resto | D15: 1 | E15: 0 | F15: 0 | G15: 0 | H15: 0 | I15: 0 | J15: 0 | K15: 0 | L15: 0 | M15: 0
... A53: 2° JUZGADO CIVIL TRANSITORIO | B53: CIVIL - CONTENCIOSO ADMINISTRATIVO | C53: Resto | D53: 56 | E53: 0 | F53: 0 | G53: 1 | H53: 2 | I53: 2 | J53: 0 | K53: 0 | L53: 0 | M53: 1

Sheet Resueltos SIJ
A1: RESUELTOS – TRÁMITE (SIJ 2026)
A2: Fuente: Resueltos_Tramite_ene-set_2026_JEC_CI.xlsx
A3: Juzgado | B3: Subespecialidad | C3: Ene | D3: Feb | E3: Mar | F3: Abr | G3: May | H3: Jun | I3: Jul | J3: Ago | K3: Set
A4: 1º JUZGADO CIVIL | B4: CIVIL - CIVIL | C4: 47 | D4: 0 | E4: 43 | F4: 43 | G4: 45 | H4: 43 | I4: 48 | J4: 47 | K4: 50
A5: 1º JUZGADO CIVIL | B5: CIVIL - COMERCIAL | C5: 18 | D5: 0 | E5: 17 | F5: 14 | G5: 9 | H5: 14 | I5: 7 | J5: 5 | K5: 7
A6: 1º JUZGADO CIVIL | B6: FAMILIA - FAMILIA CIVIL | C6: 0 | D6: 0 | E6: 1 | F6: 0 | G6: 0 | H6: 0 | I6: 0 | J6: 0 | K6: 0
A7: 1º JUZGADO CIVIL | B7: CIVIL - CONTENCIOSO ADMINISTRATIVO | C7: 7 | D7: 0 | E7: 4 | F7: 3 | G7: 6 | H7: 0 | I7: 5 | J7: 5 | K7: 1
A8: 2º JUZGADO CIVIL | B8: CIVIL - CIVIL | C8: 38 | D8: 0 | E8: 39 | F8: 40 | G8: 40 | H8: 40 | I8: 24 | J8: 24 | K8: 37
A9: 2º JUZGADO CIVIL | B9: CIVIL - COMERCIAL | C9: 8 | D9: 0 | E9: 10 | F9: 12 | G9: 12 | H9: 9 | I9: 17 | J9: 7 | K9: 17
A10: 2º JUZGADO CIVIL | B10: CIVIL - CONSTITUCIONAL | C10: 0 | D10: 0 | E10: 0 | F10: 0 | G10: 0 | H10: 0 | I10: 0 | J10: 0 | K10: 1
A11: 2º JUZGADO CIVIL | B11: CIVIL - CONTENCIOSO ADMINISTRATIVO | C11: 0 | D11: 0 | E11: 4 | F11: 2 | G11: 5 | H11: 1 | I11: 1 | J11: 2 | K11: 7
A12: 3º JUZGADO CIVIL | B12: CIVIL - CIVIL | C12: 68 | D12: 0 | E12: 44 | F12: 62 | G12: 49 | H12: 41 | I12: 55 | J12: 44 | K12: 51
A13: 3º JUZGADO CIVIL | B13: CIVIL - COMERCIAL | C13: 20 | D13: 0 | E13: 12 | F13: 10 | G13: 12 | H13: 7 | I13: 2 | J13: 6 | K13: 10
A14: 3º JUZGADO CIVIL | B14: CIVIL - CONTENCIOSO ADMINISTRATIVO | C14: 2 | D14: 0 | E14: 4 | F14: 5 | G14: 1 | H14: 3 | I14: 4 | J14: 2 | K14: 1
A15: 4º JUZGADO CIVIL | B15: CIVIL - CIVIL | C15: 22 | D15: 13 | E15: 29 | F15: 41 | G15: 40 | H15: 41 | I15: 47 | J15: 29 | K15: 45
... A42: 2° JUZGADO CIVIL TRANSITORIO | B42: CIVIL - CONTENCIOSO ADMINISTRATIVO | C42: 4 | D42: 8 | E42: 13 | F42: 3 | G42: 5 | H42: 3 | I42: 6 | J42: 3 | K42: 3
