Workbook

Sheet Meta 2026
A1: META ANUAL 2026 – JUZGADOS CIVILES (MIXTOS SIN VIOLENCIA FAMILIAR) – SEDE CENTRAL CSJ AREQUIPA
A2: Metodología: R.A. N.° 090-2025-CE-PJ, Anexo 3 (Meta = A + B). Datos: SIJ ene–set 2026 proyectados a diciembre.
A4: Juzgado | B4: Pend. Civil-Civil | C4: Ingr. proy. Civil-Civil | D4: Redistrib. Civil-Civil (restar) | E4: CARGA NETA PROY. Civil-Civil | F4: Pend. Resto | G4: Ingr. proy. Resto | H4: Redistrib. Resto (restar) | I4: CARGA NETA PROY. Resto | J4: CARGA NETA PROY. TOTAL | K4: % Civil-Civil | L4: Caso Anexo 3 | M4: A: Meta Civil-Civil | N4: B: Meta resto (77%) | O4: META ANUAL 2026 (A+B) | P4: Resueltos ene–set | Q4: % avance de meta | R4: Resueltos proyectados a dic. | S4: Brecha proyectada (proy. – meta) | T4: Faltan para meta | U4: Promedio mensual requerido oct–dic | V4: Situación
A5: 1º JUZGADO CIVIL | B5: =SUMIFS(Ingresos!$D$4:$D$53,Ingresos!$A$4:$A$53,$A5,Ingresos!$C$4:$C$53,"Civil-Civil") | C5: =SUMIFS(Ingresos!$P$4:$P$53,Ingresos!$A$4:$A$53,$A5,Ingresos!$C$4:$C$53,"Civil-Civil") | D5: 0 | E5: =B5+C5-D5 | F5: =SUMIFS(Ingresos!$D$4:$D$53,Ingresos!$A$4:$A$53,$A5,Ingresos!$C$4:$C$53,"Resto") | G5: =SUMIFS(Ingresos!$P$4:$P$53,Ingresos!$A$4:$A$53,$A5,Ingresos!$C$4:$C$53,"Resto") | H5: 0 | I5: =F5+G5-H5 | J5: =E5+I5 | K5: =IF(J5=0,0,E5/J5) | L5: =IF(K5>=Parametros!$B$4,"1 (≥75%)","2 (<75%)") | M5: =IF(K5>=Parametros!$B$4,IF(E5<Parametros!$B$6,ROUND(Parametros!$B$5*E5,0),Parametros!$B$7),IF(E5<Parametros!$B$8,ROUND(Parametros!$B$5*E5,0),Parametros!$B$9)) | N5: =ROUND(Parametros!$B$5*I5,0) | O5: =M5+N5 | P5: =SUMIFS(Resueltos!$L$4:$L$42,Resueltos!$A$4:$A$42,$A5) | Q5: =IF(O5=0,0,P5/O5) | R5: =P5*12/Parametros!$B$10 | S5: =R5-O5 | T5: =MAX(0,O5-P5) | U5: =T5/(12-Parametros!$B$10) | V5: =IF(P5>=O5,"Meta cumplida",IF(R5>=O5,"En ruta","Riesgo"))
A6: 2º JUZGADO CIVIL | B6: =SUMIFS(Ingresos!$D$4:$D$53,Ingresos!$A$4:$A$53,$A6,Ingresos!$C$4:$C$53,"Civil-Civil") | C6: =SUMIFS(Ingresos!$P$4:$P$53,Ingresos!$A$4:$A$53,$A6,Ingresos!$C$4:$C$53,"Civil-Civil") | D6: 0 | E6: =B6+C6-D6 | F6: =SUMIFS(Ingresos!$D$4:$D$53,Ingresos!$A$4:$A$53,$A6,Ingresos!$C$4:$C$53,"Resto") | G6: =SUMIFS(Ingresos!$P$4:$P$53,Ingresos!$A$4:$A$53,$A6,Ingresos!$C$4:$C$53,"Resto") | H6: 0 | I6: =F6+G6-H6 | J6: =E6+I6 | K6: =IF(J6=0,0,E6/J6) | L6: =IF(K6>=Parametros!$B$4,"1 (≥75%)","2 (<75%)") | M6: =IF(K6>=Parametros!$B$4,IF(E6<Parametros!$B$6,ROUND(Parametros!$B$5*E6,0),Parametros!$B$7),IF(E6<Parametros!$B$8,ROUND(Parametros!$B$5*E6,0),Parametros!$B$9)) | N6: =ROUND(Parametros!$B$5*I6,0) | O6: =M6+N6 | P6: =SUMIFS(Resueltos!$L$4:$L$42,Resueltos!$A$4:$A$42,$A6) | Q6: =IF(O6=0,0,P6/O6) | R6: =P6*12/Parametros!$B$10 | S6: =R6-O6 | T6: =MAX(0,O6-P6) | U6: =T6/(12-Parametros!$B$10) | V6: =IF(P6>=O6,"Meta cumplida",IF(R6>=O6,"En ruta","Riesgo"))
A7: 3º JUZGADO CIVIL | B7: =SUMIFS(Ingresos!$D$4:$D$53,Ingresos!$A$4:$A$53,$A7,Ingresos!$C$4:$C$53,"Civil-Civil") | C7: =SUMIFS(Ingresos!$P$4:$P$53,Ingresos!$A$4:$A$53,$A7,Ingresos!$C$4:$C$53,"Civil-Civil") | D7: 0 | E7: =B7+C7-D7 | F7: =SUMIFS(Ingresos!$D$4:$D$53,Ingresos!$A$4:$A$53,$A7,Ingresos!$C$4:$C$53,"Resto") | G7: =SUMIFS(Ingresos!$P$4:$P$53,Ingresos!$A$4:$A$53,$A7,Ingresos!$C$4:$C$53,"Resto") | H7: 0 | I7: =F7+G7-H7 | J7: =E7+I7 | K7: =IF(J7=0,0,E7/J7) | L7: =IF(K7>=Parametros!$B$4,"1 (≥75%)","2 (<75%)") | M7: =IF(K7>=Parametros!$B$4,IF(E7<Parametros!$B$6,ROUND(Parametros!$B$5*E7,0),Parametros!$B$7),IF(E7<Parametros!$B$8,ROUND(Parametros!$B$5*E7,0),Parametros!$B$9)) | N7: =ROUND(Parametros!$B$5*I7,0) | O7: =M7+N7 | P7: =SUMIFS(Resueltos!$L$4:$L$42,Resueltos!$A$4:$A$42,$A7) | Q7: =IF(O7=0,0,P7/O7) | R7: =P7*12/Parametros!$B$10 | S7: =R7-O7 | T7: =MAX(0,O7-P7) | U7: =T7/(12-Parametros!$B$10) | V7: =IF(P7>=O7,"Meta cumplida",IF(R7>=O7,"En ruta","Riesgo"))
A8: 4º JUZGADO CIVIL | B8: =SUMIFS(Ingresos!$D$4:$D$53,Ingresos!$A$4:$A$53,$A8,Ingresos!$C$4:$C$53,"Civil-Civil") | C8: =SUMIFS(Ingresos!$P$4:$P$53,Ingresos!$A$4:$A$53,$A8,Ingresos!$C$4:$C$53,"Civil-Civil") | D8: 0 | E8: =B8+C8-D8 | F8: =SUMIFS(Ingresos!$D$4:$D$53,Ingresos!$A$4:$A$53,$A8,Ingresos!$C$4:$C$53,"Resto") | G8: =SUMIFS(Ingresos!$P$4:$P$53,Ingresos!$A$4:$A$53,$A8,Ingresos!$C$4:$C$53,"Resto") | H8: 0 | I8: =F8+G8-H8 | J8: =E8+I8 | K8: =IF(J8=0,0,E8/J8) | L8: =IF(K8>=Parametros!$B$4,"1 (≥75%)","2 (<75%)") | M8: =IF(K8>=Parametros!$B$4,IF(E8<Parametros!$B$6,ROUND(Parametros!$B$5*E8,0),Parametros!$B$7),IF(E8<Parametros!$B$8,ROUND(Parametros!$B$5*E8,0),Parametros!$B$9)) | N8: =ROUND(Parametros!$B$5*I8,0) | O8: =M8+N8 | P8: =SUMIFS(Resueltos!$L$4:$L$42,Resueltos!$A$4:$A$42,$A8) | Q8: =IF(O8=0,0,P8/O8) | R8: =P8*12/Parametros!$B$10 | S8: =R8-O8 | T8: =MAX(0,O8-P8) | U8: =T8/(12-Parametros!$B$10) | V8: =IF(P8>=O8,"Meta cumplida",IF(R8>=O8,"En ruta","Riesgo"))
A9: 5º JUZGADO CIVIL | B9: =SUMIFS(Ingresos!$D$4:$D$53,Ingresos!$A$4:$A$53,$A9,Ingresos!$C$4:$C$53,"Civil-Civil") | C9: =SUMIFS(Ingresos!$P$4:$P$53,Ingresos!$A$4:$A$53,$A9,Ingresos!$C$4:$C$53,"Civil-Civil") | D9: 0 | E9: =B9+C9-D9 | F9: =SUMIFS(Ingresos!$D$4:$D$53,Ingresos!$A$4:$A$53,$A9,Ingresos!$C$4:$C$53,"Resto") | G9: =SUMIFS(Ingresos!$P$4:$P$53,Ingresos!$A$4:$A$53,$A9,Ingresos!$C$4:$C$53,"Resto") | H9: 0 | I9: =F9+G9-H9 | J9: =E9+I9 | K9: =IF(J9=0,0,E9/J9) | L9: =IF(K9>=Parametros!$B$4,"1 (≥75%)","2 (<75%)") | M9: =IF(K9>=Parametros!$B$4,IF(E9<Parametros!$B$6,ROUND(Parametros!$B$5*E9,0),Parametros!$B$7),IF(E9<Parametros!$B$8,ROUND(Parametros!$B$5*E9,0),Parametros!$B$9)) | N9: =ROUND(Parametros!$B$5*I9,0) | O9: =M9+N9 | P9: =SUMIFS(Resueltos!$L$4:$L$42,Resueltos!$A$4:$A$42,$A9) | Q9: =IF(O9=0,0,P9/O9) | R9: =P9*12/Parametros!$B$10 | S9: =R9-O9 | T9: =MAX(0,O9-P9) | U9: =T9/(12-Parametros!$B$10) | V9: =IF(P9>=O9,"Meta cumplida",IF(R9>=O9,"En ruta","Riesgo"))
A10: 6º JUZGADO CIVIL | B10: =SUMIFS(Ingresos!$D$4:$D$53,Ingresos!$A$4:$A$53,$A10,Ingresos!$C$4:$C$53,"Civil-Civil") | C10: =SUMIFS(Ingresos!$P$4:$P$53,Ingresos!$A$4:$A$53,$A10,Ingresos!$C$4:$C$53,"Civil-Civil") | D10: 0 | E10: =B10+C10-D10 | F10: =SUMIFS(Ingresos!$D$4:$D$53,Ingresos!$A$4:$A$53,$A10,Ingresos!$C$4:$C$53,"Resto") | G10: =SUMIFS(Ingresos!$P$4:$P$53,Ingresos!$A$4:$A$53,$A10,Ingresos!$C$4:$C$53,"Resto") | H10: 0 | I10: =F10+G10-H10 | J10: =E10+I10 | K10: =IF(J10=0,0,E10/J10) | L10: =IF(K10>=Parametros!$B$4,"1 (≥75%)","2 (<75%)") | M10: =IF(K10>=Parametros!$B$4,IF(E10<Parametros!$B$6,ROUND(Parametros!$B$5*E10,0),Parametros!$B$7),IF(E10<Parametros!$B$8,ROUND(Parametros!$B$5*E10,0),Parametros!$B$9)) | N10: =ROUND(Parametros!$B$5*I10,0) | O10: =M10+N10 | P10: =SUMIFS(Resueltos!$L$4:$L$42,Resueltos!$A$4:$A$42,$A10) | Q10: =IF(O10=0,0,P10/O10) | R10: =P10*12/Parametros!$B$10 | S10: =R10-O10 | T10: =MAX(0,O10-P10) | U10: =T10/(12-Parametros!$B$10) | V10: =IF(P10>=O10,"Meta cumplida",IF(R10>=O10,"En ruta","Riesgo"))
A11: 7º JUZGADO CIVIL | B11: =SUMIFS(Ingresos!$D$4:$D$53,Ingresos!$A$4:$A$53,$A11,Ingresos!$C$4:$C$53,"Civil-Civil") | C11: =SUMIFS(Ingresos!$P$4:$P$53,Ingresos!$A$4:$A$53,$A11,Ingresos!$C$4:$C$53,"Civil-Civil") | D11: 0 | E11: =B11+C11-D11 | F11: =SUMIFS(Ingresos!$D$4:$D$53,Ingresos!$A$4:$A$53,$A11,Ingresos!$C$4:$C$53,"Resto") | G11: =SUMIFS(Ingresos!$P$4:$P$53,Ingresos!$A$4:$A$53,$A11,Ingresos!$C$4:$C$53,"Resto") | H11: 0 | I11: =F11+G11-H11 | J11: =E11+I11 | K11: =IF(J11=0,0,E11/J11) | L11: =IF(K11>=Parametros!$B$4,"1 (≥75%)","2 (<75%)") | M11: =IF(K11>=Parametros!$B$4,IF(E11<Parametros!$B$6,ROUND(Parametros!$B$5*E11,0),Parametros!$B$7),IF(E11<Parametros!$B$8,ROUND(Parametros!$B$5*E11,0),Parametros!$B$9)) | N11: =ROUND(Parametros!$B$5*I11,0) | O11: =M11+N11 | P11: =SUMIFS(Resueltos!$L$4:$L$42,Resueltos!$A$4:$A$42,$A11) | Q11: =IF(O11=0,0,P11/O11) | R11: =P11*12/Parametros!$B$10 | S11: =R11-O11 | T11: =MAX(0,O11-P11) | U11: =T11/(12-Parametros!$B$10) | V11: =IF(P11>=O11,"Meta cumplida",IF(R11>=O11,"En ruta","Riesgo"))
A12: 8º JUZGADO CIVIL | B12: =SUMIFS(Ingresos!$D$4:$D$53,Ingresos!$A$4:$A$53,$A12,Ingresos!$C$4:$C$53,"Civil-Civil") | C12: =SUMIFS(Ingresos!$P$4:$P$53,Ingresos!$A$4:$A$53,$A12,Ingresos!$C$4:$C$53,"Civil-Civil") | D12: 0 | E12: =B12+C12-D12 | F12: =SUMIFS(Ingresos!$D$4:$D$53,Ingresos!$A$4:$A$53,$A12,Ingresos!$C$4:$C$53,"Resto") | G12: =SUMIFS(Ingresos!$P$4:$P$53,Ingresos!$A$4:$A$53,$A12,Ingresos!$C$4:$C$53,"Resto") | H12: 0 | I12: =F12+G12-H12 | J12: =E12+I12 | K12: =IF(J12=0,0,E12/J12) | L12: =IF(K12>=Parametros!$B$4,"1 (≥75%)","2 (<75%)") | M12: =IF(K12>=Parametros!$B$4,IF(E12<Parametros!$B$6,ROUND(Parametros!$B$5*E12,0),Parametros!$B$7),IF(E12<Parametros!$B$8,ROUND(Parametros!$B$5*E12,0),Parametros!$B$9)) | N12: =ROUND(Parametros!$B$5*I12,0) | O12: =M12+N12 | P12: =SUMIFS(Resueltos!$L$4:$L$42,Resueltos!$A$4:$A$42,$A12) | Q12: =IF(O12=0,0,P12/O12) | R12: =P12*12/Parametros!$B$10 | S12: =R12-O12 | T12: =MAX(0,O12-P12) | U12: =T12/(12-Parametros!$B$10) | V12: =IF(P12>=O12,"Meta cumplida",IF(R12>=O12,"En ruta","Riesgo"))
A13: 9º JUZGADO CIVIL | B13: =SUMIFS(Ingresos!$D$4:$D$53,Ingresos!$A$4:$A$53,$A13,Ingresos!$C$4:$C$53,"Civil-Civil") | C13: =SUMIFS(Ingresos!$P$4:$P$53,Ingresos!$A$4:$A$53,$A13,Ingresos!$C$4:$C$53,"Civil-Civil") | D13: 0 | E13: =B13+C13-D13 | F13: =SUMIFS(Ingresos!$D$4:$D$53,Ingresos!$A$4:$A$53,$A13,Ingresos!$C$4:$C$53,"Resto") | G13: =SUMIFS(Ingresos!$P$4:$P$53,Ingresos!$A$4:$A$53,$A13,Ingresos!$C$4:$C$53,"Resto") | H13: 0 | I13: =F13+G13-H13 | J13: =E13+I13 | K13: =IF(J13=0,0,E13/J13) | L13: =IF(K13>=Parametros!$B$4,"1 (≥75%)","2 (<75%)") | M13: =IF(K13>=Parametros!$B$4,IF(E13<Parametros!$B$6,ROUND(Parametros!$B$5*E13,0),Parametros!$B$7),IF(E13<Parametros!$B$8,ROUND(Parametros!$B$5*E13,0),Parametros!$B$9)) | N13: =ROUND(Parametros!$B$5*I13,0) | O13: =M13+N13 | P13: =SUMIFS(Resueltos!$L$4:$L$42,Resueltos!$A$4:$A$42,$A13) | Q13: =IF(O13=0,0,P13/O13) | R13: =P13*12/Parametros!$B$10 | S13: =R13-O13 | T13: =MAX(0,O13-P13) | U13: =T13/(12-Parametros!$B$10) | V13: =IF(P13>=O13,"Meta cumplida",IF(R13>=O13,"En ruta","Riesgo"))
A14: 10º JUZGADO CIVIL | B14: =SUMIFS(Ingresos!$D$4:$D$53,Ingresos!$A$4:$A$53,$A14,Ingresos!$C$4:$C$53,"Civil-Civil") | C14: =SUMIFS(Ingresos!$P$4:$P$53,Ingresos!$A$4:$A$53,$A14,Ingresos!$C$4:$C$53,"Civil-Civil") | D14: 0 | E14: =B14+C14-D14 | F14: =SUMIFS(Ingresos!$D$4:$D$53,Ingresos!$A$4:$A$53,$A14,Ingresos!$C$4:$C$53,"Resto") | G14: =SUMIFS(Ingresos!$P$4:$P$53,Ingresos!$A$4:$A$53,$A14,Ingresos!$C$4:$C$53,"Resto") | H14: 0 | I14: =F14+G14-H14 | J14: =E14+I14 | K14: =IF(J14=0,0,E14/J14) | L14: =IF(K14>=Parametros!$B$4,"1 (≥75%)","2 (<75%)") | M14: =IF(K14>=Parametros!$B$4,IF(E14<Parametros!$B$6,ROUND(Parametros!$B$5*E14,0),Parametros!$B$7),IF(E14<Parametros!$B$8,ROUND(Parametros!$B$5*E14,0),Parametros!$B$9)) | N14: =ROUND(Parametros!$B$5*I14,0) | O14: =M14+N14 | P14: =SUMIFS(Resueltos!$L$4:$L$42,Resueltos!$A$4:$A$42,$A14) | Q14: =IF(O14=0,0,P14/O14) | R14: =P14*12/Parametros!$B$10 | S14: =R14-O14 | T14: =MAX(0,O14-P14) | U14: =T14/(12-Parametros!$B$10) | V14: =IF(P14>=O14,"Meta cumplida",IF(R14>=O14,"En ruta","Riesgo"))
A15: 11° JUZGADO CIVIL | B15: =SUMIFS(Ingresos!$D$4:$D$53,Ingresos!$A$4:$A$53,$A15,Ingresos!$C$4:$C$53,"Civil-Civil") | C15: =SUMIFS(Ingresos!$P$4:$P$53,Ingresos!$A$4:$A$53,$A15,Ingresos!$C$4:$C$53,"Civil-Civil") | D15: 0 | E15: =B15+C15-D15 | F15: =SUMIFS(Ingresos!$D$4:$D$53,Ingresos!$A$4:$A$53,$A15,Ingresos!$C$4:$C$53,"Resto") | G15: =SUMIFS(Ingresos!$P$4:$P$53,Ingresos!$A$4:$A$53,$A15,Ingresos!$C$4:$C$53,"Resto") | H15: 0 | I15: =F15+G15-H15 | J15: =E15+I15 | K15: =IF(J15=0,0,E15/J15) | L15: =IF(K15>=Parametros!$B$4,"1 (≥75%)","2 (<75%)") | M15: =IF(K15>=Parametros!$B$4,IF(E15<Parametros!$B$6,ROUND(Parametros!$B$5*E15,0),Parametros!$B$7),IF(E15<Parametros!$B$8,ROUND(Parametros!$B$5*E15,0),Parametros!$B$9)) | N15: =ROUND(Parametros!$B$5*I15,0) | O15: =M15+N15 | P15: =SUMIFS(Resueltos!$L$4:$L$42,Resueltos!$A$4:$A$42,$A15) | Q15: =IF(O15=0,0,P15/O15) | R15: =P15*12/Parametros!$B$10 | S15: =R15-O15 | T15: =MAX(0,O15-P15) | U15: =T15/(12-Parametros!$B$10) | V15: =IF(P15>=O15,"Meta cumplida",IF(R15>=O15,"En ruta","Riesgo"))
A16: 1° JUZGADO CIVIL TRANSITORIO | B16: =SUMIFS(Ingresos!$D$4:$D$53,Ingresos!$A$4:$A$53,$A16,Ingresos!$C$4:$C$53,"Civil-Civil") | C16: =SUMIFS(Ingresos!$P$4:$P$53,Ingresos!$A$4:$A$53,$A16,Ingresos!$C$4:$C$53,"Civil-Civil") | D16: 0 | E16: =B16+C16-D16 | F16: =SUMIFS(Ingresos!$D$4:$D$53,Ingresos!$A$4:$A$53,$A16,Ingresos!$C$4:$C$53,"Resto") | G16: =SUMIFS(Ingresos!$P$4:$P$53,Ingresos!$A$4:$A$53,$A16,Ingresos!$C$4:$C$53,"Resto") | H16: 0 | I16: =F16+G16-H16 | J16: =E16+I16 | K16: =IF(J16=0,0,E16/J16) | L16: =IF(K16>=Parametros!$B$4,"1 (≥75%)","2 (<75%)") | M16: =IF(K16>=Parametros!$B$4,IF(E16<Parametros!$B$6,ROUND(Parametros!$B$5*E16,0),Parametros!$B$7),IF(E16<Parametros!$B$8,ROUND(Parametros!$B$5*E16,0),Parametros!$B$9)) | N16: =ROUND(Parametros!$B$5*I16,0) | O16: =M16+N16 | P16: =SUMIFS(Resueltos!$L$4:$L$42,Resueltos!$A$4:$A$42,$A16) | Q16: =IF(O16=0,0,P16/O16) | R16: =P16*12/Parametros!$B$10 | S16: =R16-O16 | T16: =MAX(0,O16-P16) | U16: =T16/(12-Parametros!$B$10) | V16: =IF(P16>=O16,"Meta cumplida",IF(R16>=O16,"En ruta","Riesgo"))
A17: 2° JUZGADO CIVIL TRANSITORIO | B17: =SUMIFS(Ingresos!$D$4:$D$53,Ingresos!$A$4:$A$53,$A17,Ingresos!$C$4:$C$53,"Civil-Civil") | C17: =SUMIFS(Ingresos!$P$4:$P$53,Ingresos!$A$4:$A$53,$A17,Ingresos!$C$4:$C$53,"Civil-Civil") | D17: 0 | E17: =B17+C17-D17 | F17: =SUMIFS(Ingresos!$D$4:$D$53,Ingresos!$A$4:$A$53,$A17,Ingresos!$C$4:$C$53,"Resto") | G17: =SUMIFS(Ingresos!$P$4:$P$53,Ingresos!$A$4:$A$53,$A17,Ingresos!$C$4:$C$53,"Resto") | H17: 0 | I17: =F17+G17-H17 | J17: =E17+I17 | K17: =IF(J17=0,0,E17/J17) | L17: =IF(K17>=Parametros!$B$4,"1 (≥75%)","2 (<75%)") | M17: =IF(K17>=Parametros!$B$4,IF(E17<Parametros!$B$6,ROUND(Parametros!$B$5*E17,0),Parametros!$B$7),IF(E17<Parametros!$B$8,ROUND(Parametros!$B$5*E17,0),Parametros!$B$9)) | N17: =ROUND(Parametros!$B$5*I17,0) | O17: =M17+N17 | P17: =SUMIFS(Resueltos!$L$4:$L$42,Resueltos!$A$4:$A$42,$A17) | Q17: =IF(O17=0,0,P17/O17) | R17: =P17*12/Parametros!$B$10 | S17: =R17-O17 | T17: =MAX(0,O17-P17) | U17: =T17/(12-Parametros!$B$10) | V17: =IF(P17>=O17,"Meta cumplida",IF(R17>=O17,"En ruta","Riesgo"))
A18: TOTAL | B18: =SUM(B5:B17) | C18: =SUM(C5:C17) | D18: =SUM(D5:D17) | E18: =SUM(E5:E17) | F18: =SUM(F5:F17) | G18: =SUM(G5:G17) | H18: =SUM(H5:H17) | I18: =SUM(I5:I17) | J18: =SUM(J5:J17) | K18: =E18/J18 | M18: =SUM(M5:M17) | N18: =SUM(N5:N17) | O18: =SUM(O5:O17) | P18: =SUM(P5:P17) | Q18: =P18/O18 | R18: =SUM(R5:R17) | S18: =SUM(S5:S17) | T18: =SUM(T5:T17) | U18: =SUM(U5:U17)
A20: NOTAS
A21: 1. Carga neta proyectada = pendientes al cierre 2025 + ingresos 2026 proyectados a diciembre – expedientes redistribuidos (R.A. 090-2025-CE-PJ, Anexo 3, nota).
A22: 2. Caso 1 (Civil-Civil ≥ 75% de la carga total): A = 77% de la carga Civil-Civil si es < 455; si es ≥ 455, A = 350. Caso 2 (< 75%): límite 390, meta fija 300. B = 77% de la carga de las demás subespecialidades (comercial, contencioso, constitucional, familia civil, etc.).
A23: 3. Es la META PRELIMINAR (con carga proyectada). La META FINAL se recalcula con la carga neta real al cierre del año judicial que remite la Subgerencia de Estadística.
A24: 4. Los juzgados 11° Civil y 1° Civil Transitorio registran solo 1 resuelto en ene–set: verificar si iniciaron funciones en 2026 o si su producción está registrada en otro órgano; su meta debe prorratearse según los meses efectivos de funcionamiento.
A25: 5. Los "resueltos proyectados" suponen el mismo ritmo mensual promedio de ene–set (incluye febrero, mes de vacaciones).

Sheet Parametros
A1: PARÁMETROS DE CÁLCULO – META ANUAL 2026 (R.A. 090-2025-CE-PJ, Anexos 1 y 3)
A2: Parámetro | B2: Valor | C2: Fuente
A3: Estándar anual – Juzgado Civil Mixto (sin Violencia Familiar Ley 30364), Zona A | B3: 600 | C3: R.A. 090-2025-CE-PJ, Anexo 1 (Juzgados Especializados o Mixtos, Civil)
A4: Umbral de participación Civil-Civil sobre la carga total en trámite | B4: 0.75 | C4: R.A. 090-2025-CE-PJ, Anexo 3
A5: Factor (77% de la carga procesal neta proyectada) | B5: 0.77 | C5: R.A. 090-2025-CE-PJ, Anexo 3 y art. 4
A6: Caso 1 (Civil-Civil ≥ 75%): límite de carga Civil-Civil | B6: 455 | C6: Anexo 3, cuadro 1
A7: Caso 1: meta fija Civil-Civil si carga ≥ límite | B7: 350 | C7: Anexo 3, cuadro 1
A8: Caso 2 (Civil-Civil < 75%): límite de carga Civil-Civil | B8: 390 | C8: Anexo 3, cuadro 2
A9: Caso 2: meta fija Civil-Civil si carga ≥ límite | B9: 300 | C9: Anexo 3, cuadro 2
A10: Meses con información (enero–setiembre 2026) | B10: 9 | C10: Reportes SIJ, corte 01/10/2026
A11: Método de proyección de ingresos a diciembre (1 = lineal ×12/9; 2 = acumulado + 3 × promedio mensual sin febrero) | B11: 1 | C11: Supuesto: ver hoja Metodologia
A12: Carga procesal mínima (Estándar × 1.3) | B12: =B3*1.3 | C12: R.A. 395-2020-CE-PJ (estándares de carga) / R.A. 090-2025 art. 5
A13: Carga procesal máxima (Estándar × 1.7) | B13: =B3*1.7 | C13: Ídem
A15: Celdas en azul = datos/parámetros editables. Celda amarilla = elección del método de proyección.

Sheet Ingresos
A1: INGRESOS Y PENDIENTES – TRÁMITE – JUZGADOS CIVILES SEDE CENTRAL AREQUIPA (SIJ, ene–set 2026)
A3: Juzgado | B3: Subespecialidad | C3: Grupo | D3: Pendientes año anterior | E3: Ene | F3: Feb | G3: Mar | H3: Abr | I3: May | J3: Jun | K3: Jul | L3: Ago | M3: Set | N3: Ingresos ene–set | O3: Ingresos sin febrero | P3: Ingresos proyectados a diciembre
A4: 1º JUZGADO CIVIL | B4: CIVIL - CIVIL | C4: Civil-Civil | D4: 409 | E4: 53 | F4: 1 | G4: 48 | H4: 62 | I4: 47 | J4: 49 | K4: 52 | L4: 46 | M4: 50 | N4: =SUM(E4:M4) | O4: =N4-F4 | P4: =IF(Parametros!$B$11=1,N4*12/Parametros!$B$10,N4+3*O4/(Parametros!$B$10-1))
A5: 1º JUZGADO CIVIL | B5: CIVIL - COMERCIAL | C5: Resto | D5: 85 | E5: 9 | F5: 0 | G5: 10 | H5: 9 | I5: 8 | J5: 8 | K5: 5 | L5: 4 | M5: 6 | N5: =SUM(E5:M5) | O5: =N5-F5 | P5: =IF(Parametros!$B$11=1,N5*12/Parametros!$B$10,N5+3*O5/(Parametros!$B$10-1))
A6: 1º JUZGADO CIVIL | B6: FAMILIA - FAMILIA CIVIL | C6: Resto | D6: 0 | E6: 0 | F6: 0 | G6: 1 | H6: 0 | I6: 0 | J6: 0 | K6: 0 | L6: 0 | M6: 0 | N6: =SUM(E6:M6) | O6: =N6-F6 | P6: =IF(Parametros!$B$11=1,N6*12/Parametros!$B$10,N6+3*O6/(Parametros!$B$10-1))
A7: 1º JUZGADO CIVIL | B7: CIVIL - CONTENCIOSO ADMINISTRATIVO | C7: Resto | D7: 35 | E7: 5 | F7: 0 | G7: 5 | H7: 2 | I7: 5 | J7: 1 | K7: 2 | L7: 5 | M7: 4 | N7: =SUM(E7:M7) | O7: =N7-F7 | P7: =IF(Parametros!$B$11=1,N7*12/Parametros!$B$10,N7+3*O7/(Parametros!$B$10-1))
A8: 2º JUZGADO CIVIL | B8: CIVIL - CIVIL | C8: Civil-Civil | D8: 501 | E8: 50 | F8: 2 | G8: 33 | H8: 60 | I8: 51 | J8: 38 | K8: 18 | L8: 37 | M8: 58 | N8: =SUM(E8:M8) | O8: =N8-F8 | P8: =IF(Parametros!$B$11=1,N8*12/Parametros!$B$10,N8+3*O8/(Parametros!$B$10-1))
A9: 2º JUZGADO CIVIL | B9: CIVIL - COMERCIAL | C9: Resto | D9: 35 | E9: 12 | F9: 0 | G9: 10 | H9: 13 | I9: 15 | J9: 18 | K9: 7 | L9: 4 | M9: 14 | N9: =SUM(E9:M9) | O9: =N9-F9 | P9: =IF(Parametros!$B$11=1,N9*12/Parametros!$B$10,N9+3*O9/(Parametros!$B$10-1))
A10: 2º JUZGADO CIVIL | B10: FAMILIA - FAMILIA CIVIL | C10: Resto | D10: 1 | E10: 0 | F10: 0 | G10: 0 | H10: 0 | I10: 0 | J10: 0 | K10: 0 | L10: 0 | M10: 0 | N10: =SUM(E10:M10) | O10: =N10-F10 | P10: =IF(Parametros!$B$11=1,N10*12/Parametros!$B$10,N10+3*O10/(Parametros!$B$10-1))
A11: 2º JUZGADO CIVIL | B11: CIVIL - CONSTITUCIONAL | C11: Resto | D11: 1 | E11: 0 | F11: 0 | G11: 0 | H11: 0 | I11: 0 | J11: 0 | K11: 0 | L11: 0 | M11: 1 | N11: =SUM(E11:M11) | O11: =N11-F11 | P11: =IF(Parametros!$B$11=1,N11*12/Parametros!$B$10,N11+3*O11/(Parametros!$B$10-1))
A12: 2º JUZGADO CIVIL | B12: CIVIL - CONTENCIOSO ADMINISTRATIVO | C12: Resto | D12: 22 | E12: 3 | F12: 0 | G12: 5 | H12: 3 | I12: 3 | J12: 5 | K12: 1 | L12: 1 | M12: 6 | N12: =SUM(E12:M12) | O12: =N12-F12 | P12: =IF(Parametros!$B$11=1,N12*12/Parametros!$B$10,N12+3*O12/(Parametros!$B$10-1))
A13: 3º JUZGADO CIVIL | B13: CIVIL - CIVIL | C13: Civil-Civil | D13: 428 | E13: 49 | F13: 0 | G13: 36 | H13: 70 | I13: 37 | J13: 29 | K13: 64 | L13: 29 | M13: 39 | N13: =SUM(E13:M13) | O13: =N13-F13 | P13: =IF(Parametros!$B$11=1,N13*12/Parametros!$B$10,N13+3*O13/(Parametros!$B$10-1))
A14: 3º JUZGADO CIVIL | B14: CIVIL - COMERCIAL | C14: Resto | D14: 42 | E14: 7 | F14: 0 | G14: 8 | H14: 10 | I14: 8 | J14: 6 | K14: 2 | L14: 6 | M14: 8 | N14: =SUM(E14:M14) | O14: =N14-F14 | P14: =IF(Parametros!$B$11=1,N14*12/Parametros!$B$10,N14+3*O14/(Parametros!$B$10-1))
A15: 3º JUZGADO CIVIL | B15: CIVIL - CONSTITUCIONAL | C15: Resto | D15: 1 | E15: 0 | F15: 0 | G15: 0 | H15: 0 | I15: 0 | J15: 0 | K15: 0 | L15: 0 | M15: 0 | N15: =SUM(E15:M15) | O15: =N15-F15 | P15: =IF(Parametros!$B$11=1,N15*12/Parametros!$B$10,N15+3*O15/(Parametros!$B$10-1))
... A53: 2° JUZGADO CIVIL TRANSITORIO | B53: CIVIL - CONTENCIOSO ADMINISTRATIVO | C53: Resto | D53: 56 | E53: 0 | F53: 0 | G53: 1 | H53: 2 | I53: 2 | J53: 0 | K53: 0 | L53: 0 | M53: 1 | N53: =SUM(E53:M53) | O53: =N53-F53 | P53: =IF(Parametros!$B$11=1,N53*12/Parametros!$B$10,N53+3*O53/(Parametros!$B$10-1))
A55: Fuente: Ingresos_Tramite_ene-set_2026_jec_ci.xlsx (Poder Judicial – SIJ, F. centralización 01/10/26).

Sheet Resueltos
A1: EXPEDIENTES PRINCIPALES RESUELTOS – TRÁMITE (SIJ, ene–set 2026)
A3: Juzgado | B3: Subespecialidad | C3: Ene | D3: Feb | E3: Mar | F3: Abr | G3: May | H3: Jun | I3: Jul | J3: Ago | K3: Set | L3: Resueltos ene–set
A4: 1º JUZGADO CIVIL | B4: CIVIL - CIVIL | C4: 47 | D4: 0 | E4: 43 | F4: 43 | G4: 45 | H4: 43 | I4: 48 | J4: 47 | K4: 50 | L4: =SUM(C4:K4)
A5: 1º JUZGADO CIVIL | B5: CIVIL - COMERCIAL | C5: 18 | D5: 0 | E5: 17 | F5: 14 | G5: 9 | H5: 14 | I5: 7 | J5: 5 | K5: 7 | L5: =SUM(C5:K5)
A6: 1º JUZGADO CIVIL | B6: FAMILIA - FAMILIA CIVIL | C6: 0 | D6: 0 | E6: 1 | F6: 0 | G6: 0 | H6: 0 | I6: 0 | J6: 0 | K6: 0 | L6: =SUM(C6:K6)
A7: 1º JUZGADO CIVIL | B7: CIVIL - CONTENCIOSO ADMINISTRATIVO | C7: 7 | D7: 0 | E7: 4 | F7: 3 | G7: 6 | H7: 0 | I7: 5 | J7: 5 | K7: 1 | L7: =SUM(C7:K7)
A8: 2º JUZGADO CIVIL | B8: CIVIL - CIVIL | C8: 38 | D8: 0 | E8: 39 | F8: 40 | G8: 40 | H8: 40 | I8: 24 | J8: 24 | K8: 37 | L8: =SUM(C8:K8)
A9: 2º JUZGADO CIVIL | B9: CIVIL - COMERCIAL | C9: 8 | D9: 0 | E9: 10 | F9: 12 | G9: 12 | H9: 9 | I9: 17 | J9: 7 | K9: 17 | L9: =SUM(C9:K9)
A10: 2º JUZGADO CIVIL | B10: CIVIL - CONSTITUCIONAL | C10: 0 | D10: 0 | E10: 0 | F10: 0 | G10: 0 | H10: 0 | I10: 0 | J10: 0 | K10: 1 | L10: =SUM(C10:K10)
A11: 2º JUZGADO CIVIL | B11: CIVIL - CONTENCIOSO ADMINISTRATIVO | C11: 0 | D11: 0 | E11: 4 | F11: 2 | G11: 5 | H11: 1 | I11: 1 | J11: 2 | K11: 7 | L11: =SUM(C11:K11)
A12: 3º JUZGADO CIVIL | B12: CIVIL - CIVIL | C12: 68 | D12: 0 | E12: 44 | F12: 62 | G12: 49 | H12: 41 | I12: 55 | J12: 44 | K12: 51 | L12: =SUM(C12:K12)
A13: 3º JUZGADO CIVIL | B13: CIVIL - COMERCIAL | C13: 20 | D13: 0 | E13: 12 | F13: 10 | G13: 12 | H13: 7 | I13: 2 | J13: 6 | K13: 10 | L13: =SUM(C13:K13)
A14: 3º JUZGADO CIVIL | B14: CIVIL - CONTENCIOSO ADMINISTRATIVO | C14: 2 | D14: 0 | E14: 4 | F14: 5 | G14: 1 | H14: 3 | I14: 4 | J14: 2 | K14: 1 | L14: =SUM(C14:K14)
A15: 4º JUZGADO CIVIL | B15: CIVIL - CIVIL | C15: 22 | D15: 13 | E15: 29 | F15: 41 | G15: 40 | H15: 41 | I15: 47 | J15: 29 | K15: 45 | L15: =SUM(C15:K15)
... A42: 2° JUZGADO CIVIL TRANSITORIO | B42: CIVIL - CONTENCIOSO ADMINISTRATIVO | C42: 4 | D42: 8 | E42: 13 | F42: 3 | G42: 5 | H42: 3 | I42: 6 | J42: 3 | K42: 3 | L42: =SUM(C42:K42)
A44: Fuente: Resueltos_Tramite_ene-set_2026_JEC_CI.xlsx (Poder Judicial – SIJ, F. centralización 01/10/26).

Sheet Metodologia
A1: METODOLOGÍA DE CÁLCULO DE LA META ANUAL
A3: Marco normativo
A4: • R.A. N.° 395-2020-CE-PJ: aprobó los estándares de expedientes principales resueltos y los criterios de meta preliminar/final; carga mínima = estándar × 1.3 y máxima = estándar × 1.7.
A5: • R.A. N.° 090-2025-CE-PJ (vigente desde 2025): actualiza estándares (Anexo 1), criterios de meta (Anexo 2) y la metodología específica para Juzgados Civiles Mixtos sin Violencia Familiar (Anexo 3).
A7: Clasificación de los juzgados
A8: • Los Juzgados Civiles de la sede central de Arequipa tramitan Civil-Civil junto con Comercial, Contencioso Administrativo, Constitucional y Familia Civil: son "Civil – Mixto (sin Violencia Familiar Ley 30364)", estándar 600 (Anexo 1). Por ello se aplica el Anexo 3.
A10: Pasos
A11: 1. Carga neta proyectada por grupo: pendientes del año anterior + ingresos proyectados a diciembre – redistribuidos.
A12: 2. Proyección de ingresos (método 1, por defecto): ingresos ene–set × 12 / 9. Método 2 (opcional): ingresos ene–set + 3 × promedio mensual excluyendo febrero (vacaciones judiciales). Se cambia en Parametros!B11.
A13: 3. % Civil-Civil = carga neta Civil-Civil / carga neta total. Si ≥ 75% → Caso 1 (límite 455 / meta fija 350); si < 75% → Caso 2 (límite 390 / meta fija 300).
A14: 4. A (Civil-Civil) = 77% de la carga Civil-Civil si está por debajo del límite; si no, la meta fija.
A15: 5. B (resto de subespecialidades) = 77% de su carga neta proyectada, sin condición.
... A21: • La meta oficial la determina la Oficina de Productividad Judicial / Comisión Distrital con la data estadística oficial; este cálculo es una estimación reproducible con la misma regla.
