Workbook

Sheet Meta SIE reconstruida
A1: RECONSTRUCCIÓN DE LA "META ESTIMADA SIE" 2026 – JUZGADOS CIVILES SEDE CENTRAL AREQUIPA
A2: Regla: R.A. 090-2025-CE-PJ, Anexo 3 (Meta = A + B) con carga proyectada desde los ingresos ene–jun 2026 anualizados a 11 meses efectivos.
A4: Juzgado | B4: Pend. Civil-Civil | C4: Ingr. CC ene–corte | D4: Ingr. CC proyectado (÷ef ×11) | E4: CARGA CC | F4: Pend. Resto | G4: Ingr. Resto ene–corte | H4: Ingr. Resto proyectado | I4: CARGA RESTO | J4: % CC | K4: Caso | L4: A (Civil-Civil) | M4: B (77% resto) | N4: META RECONSTRUIDA | O4: META SIE (imagen) | P4: Diferencia (SIE – reconstruida) | Q4: Producción ene–ago | R4: % avance s/ meta SIE | S4: % avance s/ meta reconstruida
A5: 1º JUZGADO CIVIL | B5: =SUMIFS('Ingresos 2026'!$D$4:$D$53,'Ingresos 2026'!$A$4:$A$53,$A5,'Ingresos 2026'!$C$4:$C$53,"Civil-Civil") | C5: =SUMIFS('Ingresos 2026'!$N$4:$N$53,'Ingresos 2026'!$A$4:$A$53,$A5,'Ingresos 2026'!$C$4:$C$53,"Civil-Civil") | D5: =C5/Parametros!$B$13*Parametros!$B$12 | E5: =B5+D5 | F5: =SUMIFS('Ingresos 2026'!$D$4:$D$53,'Ingresos 2026'!$A$4:$A$53,$A5,'Ingresos 2026'!$C$4:$C$53,"Resto") | G5: =SUMIFS('Ingresos 2026'!$N$4:$N$53,'Ingresos 2026'!$A$4:$A$53,$A5,'Ingresos 2026'!$C$4:$C$53,"Resto") | H5: =G5/Parametros!$B$13*Parametros!$B$12 | I5: =F5+H5 | J5: =E5/(E5+I5) | K5: =IF(J5>=Parametros!$B$6,1,2) | L5: =IF(K5=1,IF(E5<Parametros!$B$7,ROUNDDOWN(Parametros!$B$5*E5,0),Parametros!$B$8),IF(E5<Parametros!$B$9,ROUNDDOWN(Parametros!$B$5*E5,0),Parametros!$B$10)) | M5: =ROUNDDOWN(Parametros!$B$5*I5,0) | N5: =L5+M5 | O5: 547 | P5: =O5-N5 | Q5: =SUMIFS('Resueltos 2026'!$D$4:$D$200,'Resueltos 2026'!$A$4:$A$200,$A5)+SUMIFS('Resueltos 2026'!$E$4:$E$200,'Resueltos 2026'!$A$4:$A$200,$A5)+SUMIFS('Resueltos 2026'!$F$4:$F$200,'Resueltos 2026'!$A$4:$A$200,$A5)+SUMIFS('Resueltos 2026'!$G$4:$G$200,'Resueltos 2026'!$A$4:$A$200,$A5)+SUMIFS('Resueltos 2026'!$H$4:$H$200,'Resueltos 2026'!$A$4:$A$200,$A5)+SUMIFS('Resueltos 2026'!$I$4:$I$200,'Resueltos 2026'!$A$4:$A$200,$A5)+SUMIFS('Resueltos 2026'!$J$4:$J$200,'Resueltos 2026'!$A$4:$A$200,$A5)+SUMIFS('Resueltos 2026'!$K$4:$K$200,'Resueltos 2026'!$A$4:$A$200,$A5) | R5: =Q5/O5 | S5: =Q5/N5
A6: 2º JUZGADO CIVIL | B6: =SUMIFS('Ingresos 2026'!$D$4:$D$53,'Ingresos 2026'!$A$4:$A$53,$A6,'Ingresos 2026'!$C$4:$C$53,"Civil-Civil") | C6: =SUMIFS('Ingresos 2026'!$N$4:$N$53,'Ingresos 2026'!$A$4:$A$53,$A6,'Ingresos 2026'!$C$4:$C$53,"Civil-Civil") | D6: =C6/Parametros!$B$13*Parametros!$B$12 | E6: =B6+D6 | F6: =SUMIFS('Ingresos 2026'!$D$4:$D$53,'Ingresos 2026'!$A$4:$A$53,$A6,'Ingresos 2026'!$C$4:$C$53,"Resto") | G6: =SUMIFS('Ingresos 2026'!$N$4:$N$53,'Ingresos 2026'!$A$4:$A$53,$A6,'Ingresos 2026'!$C$4:$C$53,"Resto") | H6: =G6/Parametros!$B$13*Parametros!$B$12 | I6: =F6+H6 | J6: =E6/(E6+I6) | K6: =IF(J6>=Parametros!$B$6,1,2) | L6: =IF(K6=1,IF(E6<Parametros!$B$7,ROUNDDOWN(Parametros!$B$5*E6,0),Parametros!$B$8),IF(E6<Parametros!$B$9,ROUNDDOWN(Parametros!$B$5*E6,0),Parametros!$B$10)) | M6: =ROUNDDOWN(Parametros!$B$5*I6,0) | N6: =L6+M6 | O6: 541 | P6: =O6-N6 | Q6: =SUMIFS('Resueltos 2026'!$D$4:$D$200,'Resueltos 2026'!$A$4:$A$200,$A6)+SUMIFS('Resueltos 2026'!$E$4:$E$200,'Resueltos 2026'!$A$4:$A$200,$A6)+SUMIFS('Resueltos 2026'!$F$4:$F$200,'Resueltos 2026'!$A$4:$A$200,$A6)+SUMIFS('Resueltos 2026'!$G$4:$G$200,'Resueltos 2026'!$A$4:$A$200,$A6)+SUMIFS('Resueltos 2026'!$H$4:$H$200,'Resueltos 2026'!$A$4:$A$200,$A6)+SUMIFS('Resueltos 2026'!$I$4:$I$200,'Resueltos 2026'!$A$4:$A$200,$A6)+SUMIFS('Resueltos 2026'!$J$4:$J$200,'Resueltos 2026'!$A$4:$A$200,$A6)+SUMIFS('Resueltos 2026'!$K$4:$K$200,'Resueltos 2026'!$A$4:$A$200,$A6) | R6: =Q6/O6 | S6: =Q6/N6
A7: 3º JUZGADO CIVIL | B7: =SUMIFS('Ingresos 2026'!$D$4:$D$53,'Ingresos 2026'!$A$4:$A$53,$A7,'Ingresos 2026'!$C$4:$C$53,"Civil-Civil") | C7: =SUMIFS('Ingresos 2026'!$N$4:$N$53,'Ingresos 2026'!$A$4:$A$53,$A7,'Ingresos 2026'!$C$4:$C$53,"Civil-Civil") | D7: =C7/Parametros!$B$13*Parametros!$B$12 | E7: =B7+D7 | F7: =SUMIFS('Ingresos 2026'!$D$4:$D$53,'Ingresos 2026'!$A$4:$A$53,$A7,'Ingresos 2026'!$C$4:$C$53,"Resto") | G7: =SUMIFS('Ingresos 2026'!$N$4:$N$53,'Ingresos 2026'!$A$4:$A$53,$A7,'Ingresos 2026'!$C$4:$C$53,"Resto") | H7: =G7/Parametros!$B$13*Parametros!$B$12 | I7: =F7+H7 | J7: =E7/(E7+I7) | K7: =IF(J7>=Parametros!$B$6,1,2) | L7: =IF(K7=1,IF(E7<Parametros!$B$7,ROUNDDOWN(Parametros!$B$5*E7,0),Parametros!$B$8),IF(E7<Parametros!$B$9,ROUNDDOWN(Parametros!$B$5*E7,0),Parametros!$B$10)) | M7: =ROUNDDOWN(Parametros!$B$5*I7,0) | N7: =L7+M7 | O7: 511 | P7: =O7-N7 | Q7: =SUMIFS('Resueltos 2026'!$D$4:$D$200,'Resueltos 2026'!$A$4:$A$200,$A7)+SUMIFS('Resueltos 2026'!$E$4:$E$200,'Resueltos 2026'!$A$4:$A$200,$A7)+SUMIFS('Resueltos 2026'!$F$4:$F$200,'Resueltos 2026'!$A$4:$A$200,$A7)+SUMIFS('Resueltos 2026'!$G$4:$G$200,'Resueltos 2026'!$A$4:$A$200,$A7)+SUMIFS('Resueltos 2026'!$H$4:$H$200,'Resueltos 2026'!$A$4:$A$200,$A7)+SUMIFS('Resueltos 2026'!$I$4:$I$200,'Resueltos 2026'!$A$4:$A$200,$A7)+SUMIFS('Resueltos 2026'!$J$4:$J$200,'Resueltos 2026'!$A$4:$A$200,$A7)+SUMIFS('Resueltos 2026'!$K$4:$K$200,'Resueltos 2026'!$A$4:$A$200,$A7) | R7: =Q7/O7 | S7: =Q7/N7
A8: 4º JUZGADO CIVIL | B8: =SUMIFS('Ingresos 2026'!$D$4:$D$53,'Ingresos 2026'!$A$4:$A$53,$A8,'Ingresos 2026'!$C$4:$C$53,"Civil-Civil") | C8: =SUMIFS('Ingresos 2026'!$N$4:$N$53,'Ingresos 2026'!$A$4:$A$53,$A8,'Ingresos 2026'!$C$4:$C$53,"Civil-Civil") | D8: =C8/Parametros!$B$13*Parametros!$B$12 | E8: =B8+D8 | F8: =SUMIFS('Ingresos 2026'!$D$4:$D$53,'Ingresos 2026'!$A$4:$A$53,$A8,'Ingresos 2026'!$C$4:$C$53,"Resto") | G8: =SUMIFS('Ingresos 2026'!$N$4:$N$53,'Ingresos 2026'!$A$4:$A$53,$A8,'Ingresos 2026'!$C$4:$C$53,"Resto") | H8: =G8/Parametros!$B$13*Parametros!$B$12 | I8: =F8+H8 | J8: =E8/(E8+I8) | K8: =IF(J8>=Parametros!$B$6,1,2) | L8: =IF(K8=1,IF(E8<Parametros!$B$7,ROUNDDOWN(Parametros!$B$5*E8,0),Parametros!$B$8),IF(E8<Parametros!$B$9,ROUNDDOWN(Parametros!$B$5*E8,0),Parametros!$B$10)) | M8: =ROUNDDOWN(Parametros!$B$5*I8,0) | N8: =L8+M8 | O8: 534 | P8: =O8-N8 | Q8: =SUMIFS('Resueltos 2026'!$D$4:$D$200,'Resueltos 2026'!$A$4:$A$200,$A8)+SUMIFS('Resueltos 2026'!$E$4:$E$200,'Resueltos 2026'!$A$4:$A$200,$A8)+SUMIFS('Resueltos 2026'!$F$4:$F$200,'Resueltos 2026'!$A$4:$A$200,$A8)+SUMIFS('Resueltos 2026'!$G$4:$G$200,'Resueltos 2026'!$A$4:$A$200,$A8)+SUMIFS('Resueltos 2026'!$H$4:$H$200,'Resueltos 2026'!$A$4:$A$200,$A8)+SUMIFS('Resueltos 2026'!$I$4:$I$200,'Resueltos 2026'!$A$4:$A$200,$A8)+SUMIFS('Resueltos 2026'!$J$4:$J$200,'Resueltos 2026'!$A$4:$A$200,$A8)+SUMIFS('Resueltos 2026'!$K$4:$K$200,'Resueltos 2026'!$A$4:$A$200,$A8) | R8: =Q8/O8 | S8: =Q8/N8
A9: 5º JUZGADO CIVIL | B9: =SUMIFS('Ingresos 2026'!$D$4:$D$53,'Ingresos 2026'!$A$4:$A$53,$A9,'Ingresos 2026'!$C$4:$C$53,"Civil-Civil") | C9: =SUMIFS('Ingresos 2026'!$N$4:$N$53,'Ingresos 2026'!$A$4:$A$53,$A9,'Ingresos 2026'!$C$4:$C$53,"Civil-Civil") | D9: =C9/Parametros!$B$13*Parametros!$B$12 | E9: =B9+D9 | F9: =SUMIFS('Ingresos 2026'!$D$4:$D$53,'Ingresos 2026'!$A$4:$A$53,$A9,'Ingresos 2026'!$C$4:$C$53,"Resto") | G9: =SUMIFS('Ingresos 2026'!$N$4:$N$53,'Ingresos 2026'!$A$4:$A$53,$A9,'Ingresos 2026'!$C$4:$C$53,"Resto") | H9: =G9/Parametros!$B$13*Parametros!$B$12 | I9: =F9+H9 | J9: =E9/(E9+I9) | K9: =IF(J9>=Parametros!$B$6,1,2) | L9: =IF(K9=1,IF(E9<Parametros!$B$7,ROUNDDOWN(Parametros!$B$5*E9,0),Parametros!$B$8),IF(E9<Parametros!$B$9,ROUNDDOWN(Parametros!$B$5*E9,0),Parametros!$B$10)) | M9: =ROUNDDOWN(Parametros!$B$5*I9,0) | N9: =L9+M9 | O9: 536 | P9: =O9-N9 | Q9: =SUMIFS('Resueltos 2026'!$D$4:$D$200,'Resueltos 2026'!$A$4:$A$200,$A9)+SUMIFS('Resueltos 2026'!$E$4:$E$200,'Resueltos 2026'!$A$4:$A$200,$A9)+SUMIFS('Resueltos 2026'!$F$4:$F$200,'Resueltos 2026'!$A$4:$A$200,$A9)+SUMIFS('Resueltos 2026'!$G$4:$G$200,'Resueltos 2026'!$A$4:$A$200,$A9)+SUMIFS('Resueltos 2026'!$H$4:$H$200,'Resueltos 2026'!$A$4:$A$200,$A9)+SUMIFS('Resueltos 2026'!$I$4:$I$200,'Resueltos 2026'!$A$4:$A$200,$A9)+SUMIFS('Resueltos 2026'!$J$4:$J$200,'Resueltos 2026'!$A$4:$A$200,$A9)+SUMIFS('Resueltos 2026'!$K$4:$K$200,'Resueltos 2026'!$A$4:$A$200,$A9) | R9: =Q9/O9 | S9: =Q9/N9
A10: 6º JUZGADO CIVIL | B10: =SUMIFS('Ingresos 2026'!$D$4:$D$53,'Ingresos 2026'!$A$4:$A$53,$A10,'Ingresos 2026'!$C$4:$C$53,"Civil-Civil") | C10: =SUMIFS('Ingresos 2026'!$N$4:$N$53,'Ingresos 2026'!$A$4:$A$53,$A10,'Ingresos 2026'!$C$4:$C$53,"Civil-Civil") | D10: =C10/Parametros!$B$13*Parametros!$B$12 | E10: =B10+D10 | F10: =SUMIFS('Ingresos 2026'!$D$4:$D$53,'Ingresos 2026'!$A$4:$A$53,$A10,'Ingresos 2026'!$C$4:$C$53,"Resto") | G10: =SUMIFS('Ingresos 2026'!$N$4:$N$53,'Ingresos 2026'!$A$4:$A$53,$A10,'Ingresos 2026'!$C$4:$C$53,"Resto") | H10: =G10/Parametros!$B$13*Parametros!$B$12 | I10: =F10+H10 | J10: =E10/(E10+I10) | K10: =IF(J10>=Parametros!$B$6,1,2) | L10: =IF(K10=1,IF(E10<Parametros!$B$7,ROUNDDOWN(Parametros!$B$5*E10,0),Parametros!$B$8),IF(E10<Parametros!$B$9,ROUNDDOWN(Parametros!$B$5*E10,0),Parametros!$B$10)) | M10: =ROUNDDOWN(Parametros!$B$5*I10,0) | N10: =L10+M10 | O10: 528 | P10: =O10-N10 | Q10: =SUMIFS('Resueltos 2026'!$D$4:$D$200,'Resueltos 2026'!$A$4:$A$200,$A10)+SUMIFS('Resueltos 2026'!$E$4:$E$200,'Resueltos 2026'!$A$4:$A$200,$A10)+SUMIFS('Resueltos 2026'!$F$4:$F$200,'Resueltos 2026'!$A$4:$A$200,$A10)+SUMIFS('Resueltos 2026'!$G$4:$G$200,'Resueltos 2026'!$A$4:$A$200,$A10)+SUMIFS('Resueltos 2026'!$H$4:$H$200,'Resueltos 2026'!$A$4:$A$200,$A10)+SUMIFS('Resueltos 2026'!$I$4:$I$200,'Resueltos 2026'!$A$4:$A$200,$A10)+SUMIFS('Resueltos 2026'!$J$4:$J$200,'Resueltos 2026'!$A$4:$A$200,$A10)+SUMIFS('Resueltos 2026'!$K$4:$K$200,'Resueltos 2026'!$A$4:$A$200,$A10) | R10: =Q10/O10 | S10: =Q10/N10
A11: 7º JUZGADO CIVIL | B11: =SUMIFS('Ingresos 2026'!$D$4:$D$53,'Ingresos 2026'!$A$4:$A$53,$A11,'Ingresos 2026'!$C$4:$C$53,"Civil-Civil") | C11: =SUMIFS('Ingresos 2026'!$N$4:$N$53,'Ingresos 2026'!$A$4:$A$53,$A11,'Ingresos 2026'!$C$4:$C$53,"Civil-Civil") | D11: =C11/Parametros!$B$13*Parametros!$B$12 | E11: =B11+D11 | F11: =SUMIFS('Ingresos 2026'!$D$4:$D$53,'Ingresos 2026'!$A$4:$A$53,$A11,'Ingresos 2026'!$C$4:$C$53,"Resto") | G11: =SUMIFS('Ingresos 2026'!$N$4:$N$53,'Ingresos 2026'!$A$4:$A$53,$A11,'Ingresos 2026'!$C$4:$C$53,"Resto") | H11: =G11/Parametros!$B$13*Parametros!$B$12 | I11: =F11+H11 | J11: =E11/(E11+I11) | K11: =IF(J11>=Parametros!$B$6,1,2) | L11: =IF(K11=1,IF(E11<Parametros!$B$7,ROUNDDOWN(Parametros!$B$5*E11,0),Parametros!$B$8),IF(E11<Parametros!$B$9,ROUNDDOWN(Parametros!$B$5*E11,0),Parametros!$B$10)) | M11: =ROUNDDOWN(Parametros!$B$5*I11,0) | N11: =L11+M11 | O11: 504 | P11: =O11-N11 | Q11: =SUMIFS('Resueltos 2026'!$D$4:$D$200,'Resueltos 2026'!$A$4:$A$200,$A11)+SUMIFS('Resueltos 2026'!$E$4:$E$200,'Resueltos 2026'!$A$4:$A$200,$A11)+SUMIFS('Resueltos 2026'!$F$4:$F$200,'Resueltos 2026'!$A$4:$A$200,$A11)+SUMIFS('Resueltos 2026'!$G$4:$G$200,'Resueltos 2026'!$A$4:$A$200,$A11)+SUMIFS('Resueltos 2026'!$H$4:$H$200,'Resueltos 2026'!$A$4:$A$200,$A11)+SUMIFS('Resueltos 2026'!$I$4:$I$200,'Resueltos 2026'!$A$4:$A$200,$A11)+SUMIFS('Resueltos 2026'!$J$4:$J$200,'Resueltos 2026'!$A$4:$A$200,$A11)+SUMIFS('Resueltos 2026'!$K$4:$K$200,'Resueltos 2026'!$A$4:$A$200,$A11) | R11: =Q11/O11 | S11: =Q11/N11
A12: 8º JUZGADO CIVIL | B12: =SUMIFS('Ingresos 2026'!$D$4:$D$53,'Ingresos 2026'!$A$4:$A$53,$A12,'Ingresos 2026'!$C$4:$C$53,"Civil-Civil") | C12: =SUMIFS('Ingresos 2026'!$N$4:$N$53,'Ingresos 2026'!$A$4:$A$53,$A12,'Ingresos 2026'!$C$4:$C$53,"Civil-Civil") | D12: =C12/Parametros!$B$13*Parametros!$B$12 | E12: =B12+D12 | F12: =SUMIFS('Ingresos 2026'!$D$4:$D$53,'Ingresos 2026'!$A$4:$A$53,$A12,'Ingresos 2026'!$C$4:$C$53,"Resto") | G12: =SUMIFS('Ingresos 2026'!$N$4:$N$53,'Ingresos 2026'!$A$4:$A$53,$A12,'Ingresos 2026'!$C$4:$C$53,"Resto") | H12: =G12/Parametros!$B$13*Parametros!$B$12 | I12: =F12+H12 | J12: =E12/(E12+I12) | K12: =IF(J12>=Parametros!$B$6,1,2) | L12: =IF(K12=1,IF(E12<Parametros!$B$7,ROUNDDOWN(Parametros!$B$5*E12,0),Parametros!$B$8),IF(E12<Parametros!$B$9,ROUNDDOWN(Parametros!$B$5*E12,0),Parametros!$B$10)) | M12: =ROUNDDOWN(Parametros!$B$5*I12,0) | N12: =L12+M12 | O12: 546 | P12: =O12-N12 | Q12: =SUMIFS('Resueltos 2026'!$D$4:$D$200,'Resueltos 2026'!$A$4:$A$200,$A12)+SUMIFS('Resueltos 2026'!$E$4:$E$200,'Resueltos 2026'!$A$4:$A$200,$A12)+SUMIFS('Resueltos 2026'!$F$4:$F$200,'Resueltos 2026'!$A$4:$A$200,$A12)+SUMIFS('Resueltos 2026'!$G$4:$G$200,'Resueltos 2026'!$A$4:$A$200,$A12)+SUMIFS('Resueltos 2026'!$H$4:$H$200,'Resueltos 2026'!$A$4:$A$200,$A12)+SUMIFS('Resueltos 2026'!$I$4:$I$200,'Resueltos 2026'!$A$4:$A$200,$A12)+SUMIFS('Resueltos 2026'!$J$4:$J$200,'Resueltos 2026'!$A$4:$A$200,$A12)+SUMIFS('Resueltos 2026'!$K$4:$K$200,'Resueltos 2026'!$A$4:$A$200,$A12) | R12: =Q12/O12 | S12: =Q12/N12
A13: 9º JUZGADO CIVIL | B13: =SUMIFS('Ingresos 2026'!$D$4:$D$53,'Ingresos 2026'!$A$4:$A$53,$A13,'Ingresos 2026'!$C$4:$C$53,"Civil-Civil") | C13: =SUMIFS('Ingresos 2026'!$N$4:$N$53,'Ingresos 2026'!$A$4:$A$53,$A13,'Ingresos 2026'!$C$4:$C$53,"Civil-Civil") | D13: =C13/Parametros!$B$13*Parametros!$B$12 | E13: =B13+D13 | F13: =SUMIFS('Ingresos 2026'!$D$4:$D$53,'Ingresos 2026'!$A$4:$A$53,$A13,'Ingresos 2026'!$C$4:$C$53,"Resto") | G13: =SUMIFS('Ingresos 2026'!$N$4:$N$53,'Ingresos 2026'!$A$4:$A$53,$A13,'Ingresos 2026'!$C$4:$C$53,"Resto") | H13: =G13/Parametros!$B$13*Parametros!$B$12 | I13: =F13+H13 | J13: =E13/(E13+I13) | K13: =IF(J13>=Parametros!$B$6,1,2) | L13: =IF(K13=1,IF(E13<Parametros!$B$7,ROUNDDOWN(Parametros!$B$5*E13,0),Parametros!$B$8),IF(E13<Parametros!$B$9,ROUNDDOWN(Parametros!$B$5*E13,0),Parametros!$B$10)) | M13: =ROUNDDOWN(Parametros!$B$5*I13,0) | N13: =L13+M13 | O13: 510 | P13: =O13-N13 | Q13: =SUMIFS('Resueltos 2026'!$D$4:$D$200,'Resueltos 2026'!$A$4:$A$200,$A13)+SUMIFS('Resueltos 2026'!$E$4:$E$200,'Resueltos 2026'!$A$4:$A$200,$A13)+SUMIFS('Resueltos 2026'!$F$4:$F$200,'Resueltos 2026'!$A$4:$A$200,$A13)+SUMIFS('Resueltos 2026'!$G$4:$G$200,'Resueltos 2026'!$A$4:$A$200,$A13)+SUMIFS('Resueltos 2026'!$H$4:$H$200,'Resueltos 2026'!$A$4:$A$200,$A13)+SUMIFS('Resueltos 2026'!$I$4:$I$200,'Resueltos 2026'!$A$4:$A$200,$A13)+SUMIFS('Resueltos 2026'!$J$4:$J$200,'Resueltos 2026'!$A$4:$A$200,$A13)+SUMIFS('Resueltos 2026'!$K$4:$K$200,'Resueltos 2026'!$A$4:$A$200,$A13) | R13: =Q13/O13 | S13: =Q13/N13
A14: 10º JUZGADO CIVIL | B14: =SUMIFS('Ingresos 2026'!$D$4:$D$53,'Ingresos 2026'!$A$4:$A$53,$A14,'Ingresos 2026'!$C$4:$C$53,"Civil-Civil") | C14: =SUMIFS('Ingresos 2026'!$N$4:$N$53,'Ingresos 2026'!$A$4:$A$53,$A14,'Ingresos 2026'!$C$4:$C$53,"Civil-Civil") | D14: =C14/Parametros!$B$13*Parametros!$B$12 | E14: =B14+D14 | F14: =SUMIFS('Ingresos 2026'!$D$4:$D$53,'Ingresos 2026'!$A$4:$A$53,$A14,'Ingresos 2026'!$C$4:$C$53,"Resto") | G14: =SUMIFS('Ingresos 2026'!$N$4:$N$53,'Ingresos 2026'!$A$4:$A$53,$A14,'Ingresos 2026'!$C$4:$C$53,"Resto") | H14: =G14/Parametros!$B$13*Parametros!$B$12 | I14: =F14+H14 | J14: =E14/(E14+I14) | K14: =IF(J14>=Parametros!$B$6,1,2) | L14: =IF(K14=1,IF(E14<Parametros!$B$7,ROUNDDOWN(Parametros!$B$5*E14,0),Parametros!$B$8),IF(E14<Parametros!$B$9,ROUNDDOWN(Parametros!$B$5*E14,0),Parametros!$B$10)) | M14: =ROUNDDOWN(Parametros!$B$5*I14,0) | N14: =L14+M14 | O14: 538 | P14: =O14-N14 | Q14: =SUMIFS('Resueltos 2026'!$D$4:$D$200,'Resueltos 2026'!$A$4:$A$200,$A14)+SUMIFS('Resueltos 2026'!$E$4:$E$200,'Resueltos 2026'!$A$4:$A$200,$A14)+SUMIFS('Resueltos 2026'!$F$4:$F$200,'Resueltos 2026'!$A$4:$A$200,$A14)+SUMIFS('Resueltos 2026'!$G$4:$G$200,'Resueltos 2026'!$A$4:$A$200,$A14)+SUMIFS('Resueltos 2026'!$H$4:$H$200,'Resueltos 2026'!$A$4:$A$200,$A14)+SUMIFS('Resueltos 2026'!$I$4:$I$200,'Resueltos 2026'!$A$4:$A$200,$A14)+SUMIFS('Resueltos 2026'!$J$4:$J$200,'Resueltos 2026'!$A$4:$A$200,$A14)+SUMIFS('Resueltos 2026'!$K$4:$K$200,'Resueltos 2026'!$A$4:$A$200,$A14) | R14: =Q14/O14 | S14: =Q14/N14
A15: 2° JUZGADO CIVIL TRANSITORIO | B15: =SUMIFS('Ingresos 2026'!$D$4:$D$53,'Ingresos 2026'!$A$4:$A$53,$A15,'Ingresos 2026'!$C$4:$C$53,"Civil-Civil") | C15: =SUMIFS('Ingresos 2026'!$N$4:$N$53,'Ingresos 2026'!$A$4:$A$53,$A15,'Ingresos 2026'!$C$4:$C$53,"Civil-Civil") | D15: =C15/Parametros!$B$13*Parametros!$B$12 | E15: =B15+D15 | F15: =SUMIFS('Ingresos 2026'!$D$4:$D$53,'Ingresos 2026'!$A$4:$A$53,$A15,'Ingresos 2026'!$C$4:$C$53,"Resto") | G15: =SUMIFS('Ingresos 2026'!$N$4:$N$53,'Ingresos 2026'!$A$4:$A$53,$A15,'Ingresos 2026'!$C$4:$C$53,"Resto") | H15: =G15/Parametros!$B$13*Parametros!$B$12 | I15: =F15+H15 | J15: =E15/(E15+I15) | K15: =IF(J15>=Parametros!$B$6,1,2) | L15: =IF(K15=1,IF(E15<Parametros!$B$7,ROUNDDOWN(Parametros!$B$5*E15,0),Parametros!$B$8),IF(E15<Parametros!$B$9,ROUNDDOWN(Parametros!$B$5*E15,0),Parametros!$B$10)) | M15: =ROUNDDOWN(Parametros!$B$5*I15,0) | N15: =L15+M15 | O15: 654 | P15: =O15-N15 | Q15: =SUMIFS('Resueltos 2026'!$D$4:$D$200,'Resueltos 2026'!$A$4:$A$200,$A15)+SUMIFS('Resueltos 2026'!$E$4:$E$200,'Resueltos 2026'!$A$4:$A$200,$A15)+SUMIFS('Resueltos 2026'!$F$4:$F$200,'Resueltos 2026'!$A$4:$A$200,$A15)+SUMIFS('Resueltos 2026'!$G$4:$G$200,'Resueltos 2026'!$A$4:$A$200,$A15)+SUMIFS('Resueltos 2026'!$H$4:$H$200,'Resueltos 2026'!$A$4:$A$200,$A15)+SUMIFS('Resueltos 2026'!$I$4:$I$200,'Resueltos 2026'!$A$4:$A$200,$A15)+SUMIFS('Resueltos 2026'!$J$4:$J$200,'Resueltos 2026'!$A$4:$A$200,$A15)+SUMIFS('Resueltos 2026'!$K$4:$K$200,'Resueltos 2026'!$A$4:$A$200,$A15) | R15: =Q15/O15 | S15: =Q15/N15
A16: TOTAL 10 permanentes | N16: =SUM(N5:N14) | O16: =SUM(O5:O14) | P16: =SUM(P5:P14) | Q16: =SUM(Q5:Q14) | R16: =Q16/O16 | S16: =Q16/N16
A17: TOTAL 11 juzgados | N17: =SUM(N5:N15) | O17: =SUM(O5:O15) | P17: =SUM(P5:P15) | Q17: =SUM(Q5:Q15) | R17: =Q17/O17 | S17: =Q17/N17
A18: Error absoluto medio (10 permanentes) | P18: =SUMPRODUCT(ABS(P5:P14))/10
A20: CONCLUSIÓN
A21: • La meta SIE de los 10 juzgados permanentes se reproduce con diferencias de 0 a 3 expedientes con esta regla: Anexo 3 de la R.A. 090-2025 (A = 350 porque la carga Civil-Civil > 455; B = 77% de la carga de las demás subespecialidades), con la carga proyectada así: pendientes al inicio de 2026 + (ingresos ene–jun 2026 ÷ 5 meses efectivos × 11 meses efectivos), redondeando hacia abajo.
A22: • Es decir: el SIE estimó la meta con la data al corte de JUNIO 2026 y anualiza sin contar febrero. Las pequeñas diferencias (casi siempre −1/−2) se explican porque la data SIJ que tenemos es posterior (corte 01/10/26) e incluye correcciones de ingresos registradas después de junio.
A23: • La data 2025 NO explica la meta SIE (hoja Hipotesis, H1–H3: errores de hasta ±57). Sirve de referencia, pero la meta SIE se basa en la carga 2026.
A24: • 2° Juzgado Civil Transitorio: la regla da ~406 y el SIE muestra 654. Ninguna combinación de los datos lo reproduce. Recibió 437 expedientes redistribuidos en mar–abr 2026 (no son ingresos ordinarios), y 654 ≈ 600 × 12/11 = 654.5 (estándar ajustado a 11 meses): es probable que su meta se fije por estándar o por la resolución que lo prorroga, no por el Anexo 3. Verificar con la Oficina de Productividad / Estadística.
A25: • Para simular la meta con otro corte, cambiar Parametros!B11 (p. ej. 9 = setiembre).

Sheet Hipotesis
A1: HIPÓTESIS PROBADAS – DIFERENCIA META SIE MENOS META CALCULADA (expedientes)
A2: Todas aplican el Anexo 3 de la R.A. 090-2025; cambia solo la carga usada. Resultados calculados en el análisis (valores fijos).
A4: Hipótesis | B4: 1º Civil | C4: 2º Civil | D4: 3º Civil | E4: 4º Civil | F4: 5º Civil | G4: 6º Civil | H4: 7º Civil | I4: 8º Civil | J4: 9º Civil | K4: 10º Civil | L4: 2° Civil Trans. | M4: Error abs. medio (10 perm.) | N4: Máx. error abs. (10 perm.)
A5: H1. Carga 2025 real: pend. inicio 2025 + ingresos 2025 | B5: 43 | C5: 40 | D5: -2 | E5: 0 | F5: -13 | G5: 7 | H5: -5 | I5: 48 | J5: 45 | K5: 57 | L5: 220 | M5: =SUMPRODUCT(ABS(B5:K5))/10 | N5: =MAX(MAX(B5:K5),-MIN(B5:K5))
A6: H2. Pend. inicio 2026 + ingresos 2025 (año anterior como proyección) | B6: -31 | C6: 30 | D6: -23 | E6: -10 | F6: -27 | G6: -7 | H6: -31 | I6: 11 | J6: 5 | K6: 29 | L6: 174 | M6: =SUMPRODUCT(ABS(B6:K6))/10 | N6: =MAX(MAX(B6:K6),-MIN(B6:K6))
A7: H3. Pend. 2026 + ingr. ene–ago 2026 + ingr. set–dic 2025 | B7: -8 | C7: 25 | D7: 4 | E7: -5 | F7: 1 | G7: 9 | H7: -12 | I7: 17 | J7: -8 | K7: 24 | L7: 253 | M7: =SUMPRODUCT(ABS(B7:K7))/10 | N7: =MAX(MAX(B7:K7),-MIN(B7:K7))
A8: H4. Pend. 2026 + ingr. ene–ago 2026 × 12/8 | B8: 13 | C8: 30 | D8: 16 | E8: -5 | F8: 2 | G8: 18 | H8: 10 | I8: 29 | J8: 0 | K8: 18 | L8: 251 | M8: =SUMPRODUCT(ABS(B8:K8))/10 | N8: =MAX(MAX(B8:K8),-MIN(B8:K8))
A9: H5. Pend. 2026 + ingr. ene–set 2026 × 12/9 | B9: 13 | C9: 21 | D9: 17 | E9: -1 | F9: 3 | G9: 14 | H9: 5 | I9: 17 | J9: 5 | K9: 23 | L9: 250 | M9: =SUMPRODUCT(ABS(B9:K9))/10 | N9: =MAX(MAX(B9:K9),-MIN(B9:K9))
A10: H6. Pend. 2026 + ingr. ene–jun 2026 × 12/6 | B10: 8 | C10: 12 | D10: 6 | E10: 12 | F10: 10 | G10: 9 | H10: 8 | I10: 10 | J10: 8 | K10: 11 | L10: 249 | M10: =SUMPRODUCT(ABS(B10:K10))/10 | N10: =MAX(MAX(B10:K10),-MIN(B10:K10))
A11: H7. Pend. 2026 + ingr. ene–jun 2026 ÷ 5 × 11 (redondeo abajo) ← MEJOR AJUSTE | B11: -2 | C11: -1 | D11: -3 | E11: 0 | F11: 0 | G11: -2 | H11: -2 | I11: -1 | J11: 0 | K11: -1 | L11: 248 | M11: =SUMPRODUCT(ABS(B11:K11))/10 | N11: =MAX(MAX(B11:K11),-MIN(B11:K11))
A14: LECTURA
A15: • H1–H3 usan la data 2025 y fallan (errores dispersos, de signo cambiante). H4–H6 proyectan 2026 con 12 meses y dejan un sesgo constante. Solo H7 (corte junio, 11 meses efectivos) deja errores de 0 a 3 en todos los permanentes.
A16: • El 2° Transitorio queda fuera de todas las hipótesis (~+250): su meta no sigue el Anexo 3.

Sheet Parametros
A1: PARÁMETROS – RECONSTRUCCIÓN DE LA META SIE 2026
A3: Parámetro | B3: Valor | C3: Fuente / comentario
A4: Estándar Juzgado Civil Mixto sin VF | B4: 600 | C4: R.A. 090-2025-CE-PJ, Anexo 1
A5: Factor 77% | B5: 0.77 | C5: R.A. 090-2025-CE-PJ, Anexo 3
A6: Umbral Civil-Civil / carga total | B6: 0.75 | C6: Anexo 3
A7: Caso 1: límite carga Civil-Civil | B7: 455 | C7: Anexo 3
A8: Caso 1: meta fija Civil-Civil | B8: 350 | C8: Anexo 3
A9: Caso 2: límite carga Civil-Civil | B9: 390 | C9: Anexo 3
A10: Caso 2: meta fija Civil-Civil | B10: 300 | C10: Anexo 3
A11: Mes de corte de la data usada por el SIE (1=ene … 9=set) | B11: 6 | C11: Mejor ajuste: junio (ver hoja Hipotesis). Cambiar para simular otros cortes.
A12: Meses efectivos del año (sin febrero) | B12: 11 | C12: Febrero = vacaciones judiciales; coincide con el 63.6% = 7/11 del reporte
A13: Meses efectivos hasta el corte | B13: =B11-IF(B11>=2,1,0) | C13: Meses de corte menos febrero
A15: Fórmula reconstruida: Ingresos proyectados = ingresos ene–corte ÷ meses efectivos hasta el corte × 11; Carga = pendientes + ingresos proyectados; Meta = A + B (Anexo 3), redondeando hacia abajo.

Sheet Ingresos 2026
A1: INGRESOS Y PENDIENTES – TRÁMITE 2026 (SIJ)
A2: Fuente: Ingresos_Tramite_ene-set_2026_jec_ci.xlsx (corte 01/10/26)
A3: Juzgado | B3: Subespecialidad | C3: Grupo | D3: Pendientes año anterior | E3: Ene | F3: Feb | G3: Mar | H3: Abr | I3: May | J3: Jun | K3: Jul | L3: Ago | M3: Set | N3: Ingresos ene–corte | O3: Total
A4: 1º JUZGADO CIVIL | B4: CIVIL - CIVIL | C4: Civil-Civil | D4: 409 | E4: 53 | F4: 1 | G4: 48 | H4: 62 | I4: 47 | J4: 49 | K4: 52 | L4: 46 | M4: 50 | N4: =SUMPRODUCT(E4:M4*((COLUMN(E4:M4)-COLUMN(E4)+1)<=Parametros!$B$11)) | O4: =SUM(E4:M4)
A5: 1º JUZGADO CIVIL | B5: CIVIL - COMERCIAL | C5: Resto | D5: 85 | E5: 9 | F5: 0 | G5: 10 | H5: 9 | I5: 8 | J5: 8 | K5: 5 | L5: 4 | M5: 6 | N5: =SUMPRODUCT(E5:M5*((COLUMN(E5:M5)-COLUMN(E5)+1)<=Parametros!$B$11)) | O5: =SUM(E5:M5)
A6: 1º JUZGADO CIVIL | B6: FAMILIA - FAMILIA CIVIL | C6: Resto | D6: 0 | E6: 0 | F6: 0 | G6: 1 | H6: 0 | I6: 0 | J6: 0 | K6: 0 | L6: 0 | M6: 0 | N6: =SUMPRODUCT(E6:M6*((COLUMN(E6:M6)-COLUMN(E6)+1)<=Parametros!$B$11)) | O6: =SUM(E6:M6)
A7: 1º JUZGADO CIVIL | B7: CIVIL - CONTENCIOSO ADMINISTRATIVO | C7: Resto | D7: 35 | E7: 5 | F7: 0 | G7: 5 | H7: 2 | I7: 5 | J7: 1 | K7: 2 | L7: 5 | M7: 4 | N7: =SUMPRODUCT(E7:M7*((COLUMN(E7:M7)-COLUMN(E7)+1)<=Parametros!$B$11)) | O7: =SUM(E7:M7)
A8: 2º JUZGADO CIVIL | B8: CIVIL - CIVIL | C8: Civil-Civil | D8: 501 | E8: 50 | F8: 2 | G8: 33 | H8: 60 | I8: 51 | J8: 38 | K8: 18 | L8: 37 | M8: 58 | N8: =SUMPRODUCT(E8:M8*((COLUMN(E8:M8)-COLUMN(E8)+1)<=Parametros!$B$11)) | O8: =SUM(E8:M8)
A9: 2º JUZGADO CIVIL | B9: CIVIL - COMERCIAL | C9: Resto | D9: 35 | E9: 12 | F9: 0 | G9: 10 | H9: 13 | I9: 15 | J9: 18 | K9: 7 | L9: 4 | M9: 14 | N9: =SUMPRODUCT(E9:M9*((COLUMN(E9:M9)-COLUMN(E9)+1)<=Parametros!$B$11)) | O9: =SUM(E9:M9)
A10: 2º JUZGADO CIVIL | B10: FAMILIA - FAMILIA CIVIL | C10: Resto | D10: 1 | E10: 0 | F10: 0 | G10: 0 | H10: 0 | I10: 0 | J10: 0 | K10: 0 | L10: 0 | M10: 0 | N10: =SUMPRODUCT(E10:M10*((COLUMN(E10:M10)-COLUMN(E10)+1)<=Parametros!$B$11)) | O10: =SUM(E10:M10)
A11: 2º JUZGADO CIVIL | B11: CIVIL - CONSTITUCIONAL | C11: Resto | D11: 1 | E11: 0 | F11: 0 | G11: 0 | H11: 0 | I11: 0 | J11: 0 | K11: 0 | L11: 0 | M11: 1 | N11: =SUMPRODUCT(E11:M11*((COLUMN(E11:M11)-COLUMN(E11)+1)<=Parametros!$B$11)) | O11: =SUM(E11:M11)
A12: 2º JUZGADO CIVIL | B12: CIVIL - CONTENCIOSO ADMINISTRATIVO | C12: Resto | D12: 22 | E12: 3 | F12: 0 | G12: 5 | H12: 3 | I12: 3 | J12: 5 | K12: 1 | L12: 1 | M12: 6 | N12: =SUMPRODUCT(E12:M12*((COLUMN(E12:M12)-COLUMN(E12)+1)<=Parametros!$B$11)) | O12: =SUM(E12:M12)
A13: 3º JUZGADO CIVIL | B13: CIVIL - CIVIL | C13: Civil-Civil | D13: 428 | E13: 49 | F13: 0 | G13: 36 | H13: 70 | I13: 37 | J13: 29 | K13: 64 | L13: 29 | M13: 39 | N13: =SUMPRODUCT(E13:M13*((COLUMN(E13:M13)-COLUMN(E13)+1)<=Parametros!$B$11)) | O13: =SUM(E13:M13)
A14: 3º JUZGADO CIVIL | B14: CIVIL - COMERCIAL | C14: Resto | D14: 42 | E14: 7 | F14: 0 | G14: 8 | H14: 10 | I14: 8 | J14: 6 | K14: 2 | L14: 6 | M14: 8 | N14: =SUMPRODUCT(E14:M14*((COLUMN(E14:M14)-COLUMN(E14)+1)<=Parametros!$B$11)) | O14: =SUM(E14:M14)
A15: 3º JUZGADO CIVIL | B15: CIVIL - CONSTITUCIONAL | C15: Resto | D15: 1 | E15: 0 | F15: 0 | G15: 0 | H15: 0 | I15: 0 | J15: 0 | K15: 0 | L15: 0 | M15: 0 | N15: =SUMPRODUCT(E15:M15*((COLUMN(E15:M15)-COLUMN(E15)+1)<=Parametros!$B$11)) | O15: =SUM(E15:M15)
... A53: 2° JUZGADO CIVIL TRANSITORIO | B53: CIVIL - CONTENCIOSO ADMINISTRATIVO | C53: Resto | D53: 56 | E53: 0 | F53: 0 | G53: 1 | H53: 2 | I53: 2 | J53: 0 | K53: 0 | L53: 0 | M53: 1 | N53: =SUMPRODUCT(E53:M53*((COLUMN(E53:M53)-COLUMN(E53)+1)<=Parametros!$B$11)) | O53: =SUM(E53:M53)

Sheet Ingresos 2025
A1: INGRESOS Y PENDIENTES – TRÁMITE 2025 (SIJ)
A2: Fuente: Ingresos_Tramite_ene-dic25__CI.xlsx (corte 02/01/26)
A3: Juzgado | B3: Subespecialidad | C3: Grupo | D3: Pendientes año anterior | E3: Ene | F3: Feb | G3: Mar | H3: Abr | I3: May | J3: Jun | K3: Jul | L3: Ago | M3: Set | N3: Oct | O3: Nov | P3: Dic | Q3: Total
A4: 1º JUZGADO CIVIL | B4: CIVIL - CIVIL | C4: Civil-Civil | D4: 382 | E4: 52 | F4: 0 | G4: 40 | H4: 29 | I4: 47 | J4: 53 | K4: 55 | L4: 48 | M4: 54 | N4: 48 | O4: 50 | P4: 43 | Q4: =SUM(E4:P4)
A5: 1º JUZGADO CIVIL | B5: CIVIL - COMERCIAL | C5: Resto | D5: 5 | E5: 11 | F5: 0 | G5: 19 | H5: 6 | I5: 17 | J5: 12 | K5: 3 | L5: 12 | M5: 14 | N5: 14 | O5: 15 | P5: 8 | Q5: =SUM(E5:P5)
A6: 1º JUZGADO CIVIL | B6: CIVIL - CONTENCIOSO ADMINISTRATIVO | C6: Resto | D6: 19 | E6: 4 | F6: 0 | G6: 8 | H6: 5 | I6: 1 | J6: 5 | K6: 2 | L6: 4 | M6: 3 | N6: 7 | O6: 6 | P6: 0 | Q6: =SUM(E6:P6)
A7: 2º JUZGADO CIVIL | B7: CIVIL - CIVIL | C7: Civil-Civil | D7: 799 | E7: 61 | F7: 0 | G7: 28 | H7: 34 | I7: 47 | J7: 43 | K7: 61 | L7: 50 | M7: 38 | N7: 40 | O7: 39 | P7: 45 | Q7: =SUM(E7:P7)
A8: 2º JUZGADO CIVIL | B8: CIVIL - COMERCIAL | C8: Resto | D8: 9 | E8: 11 | F8: 0 | G8: 13 | H8: 5 | I8: 11 | J8: 3 | K8: 21 | L8: 12 | M8: 10 | N8: 14 | O8: 13 | P8: 5 | Q8: =SUM(E8:P8)
A9: 2º JUZGADO CIVIL | B9: FAMILIA - FAMILIA CIVIL | C9: Resto | D9: 1 | E9: 0 | F9: 0 | G9: 0 | H9: 0 | I9: 0 | J9: 0 | K9: 0 | L9: 0 | M9: 0 | N9: 0 | O9: 0 | P9: 0 | Q9: =SUM(E9:P9)
A10: 2º JUZGADO CIVIL | B10: CIVIL - CONSTITUCIONAL | C10: Resto | D10: 1 | E10: 0 | F10: 0 | G10: 0 | H10: 0 | I10: 0 | J10: 0 | K10: 0 | L10: 0 | M10: 0 | N10: 0 | O10: 0 | P10: 0 | Q10: =SUM(E10:P10)
A11: 2º JUZGADO CIVIL | B11: CIVIL - CONTENCIOSO ADMINISTRATIVO | C11: Resto | D11: 35 | E11: 2 | F11: 0 | G11: 3 | H11: 4 | I11: 1 | J11: 1 | K11: 5 | L11: 2 | M11: 4 | N11: 5 | O11: 0 | P11: 5 | Q11: =SUM(E11:P11)
A12: 3º JUZGADO CIVIL | B12: CIVIL - CIVIL | C12: Civil-Civil | D12: 489 | E12: 58 | F12: 0 | G12: 66 | H12: 16 | I12: 62 | J12: 34 | K12: 30 | L12: 53 | M12: 32 | N12: 45 | O12: 39 | P12: 54 | Q12: =SUM(E12:P12)
A13: 3º JUZGADO CIVIL | B13: LABORAL - LABORAL | C13: Resto | D13: 0 | E13: 0 | F13: 0 | G13: 0 | H13: 0 | I13: 1 | J13: 0 | K13: 0 | L13: 0 | M13: 0 | N13: 0 | O13: 0 | P13: 0 | Q13: =SUM(E13:P13)
A14: 3º JUZGADO CIVIL | B14: CIVIL - COMERCIAL | C14: Resto | D14: 10 | E14: 18 | F14: 0 | G14: 17 | H14: 5 | I14: 12 | J14: 13 | K14: 11 | L14: 18 | M14: 17 | N14: 9 | O14: 1 | P14: 18 | Q14: =SUM(E14:P14)
A15: 3º JUZGADO CIVIL | B15: CIVIL - CONSTITUCIONAL | C15: Resto | D15: 1 | E15: 1 | F15: 0 | G15: 0 | H15: 0 | I15: 0 | J15: 0 | K15: 0 | L15: 1 | M15: 0 | N15: 0 | O15: 0 | P15: 0 | Q15: =SUM(E15:P15)
... A57: 2° JUZGADO CIVIL TRANSITORIO | B57: CIVIL - CONTENCIOSO ADMINISTRATIVO | C57: Resto | D57: 0 | E57: 0 | F57: 0 | G57: 0 | H57: 0 | I57: 98 | J57: 0 | K57: 0 | L57: 0 | M57: 0 | N57: 0 | O57: 0 | P57: 0 | Q57: =SUM(E57:P57)

Sheet Resueltos 2025
A1: RESUELTOS – TRÁMITE 2025 (SIJ)
A2: Fuente: Resueltos_Tramite_ene-dic25_ci.xlsx
A3: Juzgado | B3: Subespecialidad | C3: Grupo | D3: Ene | E3: Feb | F3: Mar | G3: Abr | H3: May | I3: Jun | J3: Jul | K3: Ago | L3: Set | M3: Oct | N3: Nov | O3: Dic | P3: Total
A4: 1º JUZGADO CIVIL | B4: CIVIL - CIVIL | C4: Civil-Civil | D4: 55 | E4: 0 | F4: 52 | G4: 49 | H4: 41 | I4: 45 | J4: 52 | K4: 49 | L4: 49 | M4: 54 | N4: 56 | O4: 22 | P4: =SUM(D4:O4)
A5: 1º JUZGADO CIVIL | B5: CIVIL - COMERCIAL | C5: Resto | D5: 7 | E5: 0 | F5: 8 | G5: 9 | H5: 8 | I5: 11 | J5: 10 | K5: 4 | L5: 17 | M5: 12 | N5: 6 | O5: 1 | P5: =SUM(D5:O5)
A6: 1º JUZGADO CIVIL | B6: CIVIL - CONTENCIOSO ADMINISTRATIVO | C6: Resto | D6: 1 | E6: 0 | F6: 7 | G6: 2 | H6: 4 | I6: 2 | J6: 3 | K6: 6 | L6: 3 | M6: 4 | N6: 3 | O6: 1 | P6: =SUM(D6:O6)
A7: 2º JUZGADO CIVIL | B7: CIVIL - CIVIL | C7: Civil-Civil | D7: 68 | E7: 0 | F7: 39 | G7: 47 | H7: 42 | I7: 45 | J7: 43 | K7: 37 | L7: 47 | M7: 44 | N7: 50 | O7: 40 | P7: =SUM(D7:O7)
A8: 2º JUZGADO CIVIL | B8: CIVIL - COMERCIAL | C8: Resto | D8: 2 | E8: 0 | F8: 4 | G8: 9 | H8: 3 | I8: 10 | J8: 1 | K8: 6 | L8: 15 | M8: 12 | N8: 13 | O8: 15 | P8: =SUM(D8:O8)
A9: 2º JUZGADO CIVIL | B9: CIVIL - CONTENCIOSO ADMINISTRATIVO | C9: Resto | D9: 1 | E9: 0 | F9: 1 | G9: 4 | H9: 0 | I9: 1 | J9: 5 | K9: 0 | L9: 1 | M9: 3 | N9: 1 | O9: 1 | P9: =SUM(D9:O9)
A10: 3º JUZGADO CIVIL | B10: CIVIL - CIVIL | C10: Civil-Civil | D10: 100 | E10: 0 | F10: 77 | G10: 51 | H10: 56 | I10: 31 | J10: 37 | K10: 37 | L10: 37 | M10: 38 | N10: 44 | O10: 28 | P10: =SUM(D10:O10)
A11: 3º JUZGADO CIVIL | B11: CIVIL - COMERCIAL | C11: Resto | D11: 10 | E11: 0 | F11: 13 | G11: 7 | H11: 12 | I11: 15 | J11: 13 | K11: 10 | L11: 11 | M11: 10 | N11: 4 | O11: 0 | P11: =SUM(D11:O11)
A12: 3º JUZGADO CIVIL | B12: CIVIL - CONSTITUCIONAL | C12: Resto | D12: 1 | E12: 0 | F12: 0 | G12: 0 | H12: 0 | I12: 0 | J12: 0 | K12: 1 | L12: 0 | M12: 0 | N12: 0 | O12: 0 | P12: =SUM(D12:O12)
A13: 3º JUZGADO CIVIL | B13: CIVIL - CONTENCIOSO ADMINISTRATIVO | C13: Resto | D13: 5 | E13: 0 | F13: 2 | G13: 2 | H13: 6 | I13: 4 | J13: 0 | K13: 2 | L13: 5 | M13: 4 | N13: 0 | O13: 2 | P13: =SUM(D13:O13)
A14: 4º JUZGADO CIVIL | B14: CIVIL - CIVIL | C14: Civil-Civil | D14: 52 | E14: 0 | F14: 53 | G14: 75 | H14: 38 | I14: 34 | J14: 27 | K14: 38 | L14: 35 | M14: 29 | N14: 38 | O14: 52 | P14: =SUM(D14:O14)
A15: 4º JUZGADO CIVIL | B15: CIVIL - COMERCIAL | C15: Resto | D15: 3 | E15: 0 | F15: 3 | G15: 6 | H15: 12 | I15: 9 | J15: 11 | K15: 12 | L15: 14 | M15: 13 | N15: 7 | O15: 10 | P15: =SUM(D15:O15)
... A44: 2° JUZGADO CIVIL TRANSITORIO | B44: CIVIL - CONTENCIOSO ADMINISTRATIVO | C44: Resto | D44: 0 | E44: 0 | F44: 0 | G44: 0 | H44: 5 | I44: 7 | J44: 2 | K44: 2 | L44: 2 | M44: 8 | N44: 5 | O44: 6 | P44: =SUM(D44:O44)

Sheet Resueltos 2026
A1: RESUELTOS – TRÁMITE 2026 (SIJ)
A2: Fuente: Resueltos_Tramite_ene-set_2026_JEC_CI.xlsx
A3: Juzgado | B3: Subespecialidad | C3: Grupo | D3: Ene | E3: Feb | F3: Mar | G3: Abr | H3: May | I3: Jun | J3: Jul | K3: Ago | L3: Set | M3: Total
A4: 1º JUZGADO CIVIL | B4: CIVIL - CIVIL | C4: Civil-Civil | D4: 47 | E4: 0 | F4: 43 | G4: 43 | H4: 45 | I4: 43 | J4: 48 | K4: 47 | L4: 50 | M4: =SUM(D4:L4)
A5: 1º JUZGADO CIVIL | B5: CIVIL - COMERCIAL | C5: Resto | D5: 18 | E5: 0 | F5: 17 | G5: 14 | H5: 9 | I5: 14 | J5: 7 | K5: 5 | L5: 7 | M5: =SUM(D5:L5)
A6: 1º JUZGADO CIVIL | B6: FAMILIA - FAMILIA CIVIL | C6: Resto | D6: 0 | E6: 0 | F6: 1 | G6: 0 | H6: 0 | I6: 0 | J6: 0 | K6: 0 | L6: 0 | M6: =SUM(D6:L6)
A7: 1º JUZGADO CIVIL | B7: CIVIL - CONTENCIOSO ADMINISTRATIVO | C7: Resto | D7: 7 | E7: 0 | F7: 4 | G7: 3 | H7: 6 | I7: 0 | J7: 5 | K7: 5 | L7: 1 | M7: =SUM(D7:L7)
A8: 2º JUZGADO CIVIL | B8: CIVIL - CIVIL | C8: Civil-Civil | D8: 38 | E8: 0 | F8: 39 | G8: 40 | H8: 40 | I8: 40 | J8: 24 | K8: 24 | L8: 37 | M8: =SUM(D8:L8)
A9: 2º JUZGADO CIVIL | B9: CIVIL - COMERCIAL | C9: Resto | D9: 8 | E9: 0 | F9: 10 | G9: 12 | H9: 12 | I9: 9 | J9: 17 | K9: 7 | L9: 17 | M9: =SUM(D9:L9)
A10: 2º JUZGADO CIVIL | B10: CIVIL - CONSTITUCIONAL | C10: Resto | D10: 0 | E10: 0 | F10: 0 | G10: 0 | H10: 0 | I10: 0 | J10: 0 | K10: 0 | L10: 1 | M10: =SUM(D10:L10)
A11: 2º JUZGADO CIVIL | B11: CIVIL - CONTENCIOSO ADMINISTRATIVO | C11: Resto | D11: 0 | E11: 0 | F11: 4 | G11: 2 | H11: 5 | I11: 1 | J11: 1 | K11: 2 | L11: 7 | M11: =SUM(D11:L11)
A12: 3º JUZGADO CIVIL | B12: CIVIL - CIVIL | C12: Civil-Civil | D12: 68 | E12: 0 | F12: 44 | G12: 62 | H12: 49 | I12: 41 | J12: 55 | K12: 44 | L12: 51 | M12: =SUM(D12:L12)
A13: 3º JUZGADO CIVIL | B13: CIVIL - COMERCIAL | C13: Resto | D13: 20 | E13: 0 | F13: 12 | G13: 10 | H13: 12 | I13: 7 | J13: 2 | K13: 6 | L13: 10 | M13: =SUM(D13:L13)
A14: 3º JUZGADO CIVIL | B14: CIVIL - CONTENCIOSO ADMINISTRATIVO | C14: Resto | D14: 2 | E14: 0 | F14: 4 | G14: 5 | H14: 1 | I14: 3 | J14: 4 | K14: 2 | L14: 1 | M14: =SUM(D14:L14)
A15: 4º JUZGADO CIVIL | B15: CIVIL - CIVIL | C15: Civil-Civil | D15: 22 | E15: 13 | F15: 29 | G15: 41 | H15: 40 | I15: 41 | J15: 47 | K15: 29 | L15: 45 | M15: =SUM(D15:L15)
... A42: 2° JUZGADO CIVIL TRANSITORIO | B42: CIVIL - CONTENCIOSO ADMINISTRATIVO | C42: Resto | D42: 4 | E42: 8 | F42: 13 | G42: 3 | H42: 5 | I42: 3 | J42: 6 | K42: 3 | L42: 3 | M42: =SUM(D42:L42)
